WarName,ccode1,State1,ccode2,State2,year,lng1,lat1,lng2,lat2,distance
Franco-Spanish War,220,France,230,Spain,1823,2.3522219,48.856614,-3.7037902,40.4167754,1054.0760065997633
Franco-Spanish War,220,France,230,Spain,1823,2.3522219,48.856614,-3.7037902,40.4167754,1054.0760065997633
First Russo-Turkish,365,Russia,640,Ottoman Empire,1828,30.3350986,59.9342802,32.8597419,39.9333635,2233.4347117145894
Mexican-American,2,United States of America,70,Mexico,1846,-77.0368707,38.9071923,-99.133208,19.4326077,3035.209237470543
Austro-Sardinian,300,Austria,337,Tuscany,1848,16.3631031,48.210496,11.2558136,43.7695604,632.492538518412
Austro-Sardinian,300,Austria,325,Italy,1848,16.3631031,48.210496,12.4963655,41.9027835,764.9245907173973
Austro-Sardinian,300,Austria,332,Modena,1848,16.3631031,48.210496,10.9252269,44.647128,575.432991533524
First Schleswig-Holstein,255,Prussia,390,Denmark,1848,13.404954,52.52000659999999,12.5683372,55.6760968,355.5463981481779
First Schleswig-Holstein,255,Prussia,390,Denmark,1848,13.404954,52.52000659999999,12.5683372,55.6760968,355.5463981481779
First Schleswig-Holstein,255,Prussia,390,Denmark,1848,13.404954,52.52000659999999,12.5683372,55.6760968,355.5463981481779
First Schleswig-Holstein,255,Prussia,390,Denmark,1848,13.404954,52.52000659999999,12.5683372,55.6760968,355.5463981481779
Roman Republic,220,France,327,Papal States,1849,2.3522219,48.856614,12.4963655,41.9027835,1106.5175575620585
Roman Republic,220,France,327,Papal States,1849,2.3522219,48.856614,12.4963655,41.9027835,1106.5175575620585
Roman Republic,329,Two Sicilies,327,Papal States,1849,14.2681244,40.8517746,12.4963655,41.9027835,188.64997223937536
Roman Republic,300,Austria,327,Papal States,1849,16.3631031,48.210496,12.4963655,41.9027835,764.9245907173973
La Plata,140,Brazil,160,Argentina,1851,-43.1728965,-22.9068467,-58.3815591,-34.6036844,1969.9702588044777
Crimean,640,Turkey,365,Russia,1853,32.8597419,39.9333635,30.3350986,59.9342802,2233.43471171459
Crimean,325,Italy,365,Russia,1855,12.4963655,41.9027835,30.3350986,59.9342802,2348.736740555569
Crimean,220,France,365,Russia,1854,2.3522219,48.856614,30.3350986,59.9342802,2167.118990139028
Crimean,220,France,365,Russia,1854,2.3522219,48.856614,30.3350986,59.9342802,2167.118990139028
Crimean,200,United Kingdom,365,Russia,1854,-0.1277583,51.5073509,30.3350986,59.9342802,2102.4958927256716
Anglo-Persian,200,United Kingdom,630,Iran,1856,-0.1277583,51.5073509,51.3889736,35.6891975,4401.481539381627
Italian Unification,325,Sardinia/Piedmont,300,Austria,1859,12.4963655,41.9027835,16.3631031,48.210496,764.9245907173968
Italian Unification,220,France,300,Austria,1859,2.3522219,48.856614,16.3631031,48.210496,1033.8241189199407
Italian Unification,220,France,300,Austria,1859,2.3522219,48.856614,16.3631031,48.210496,1033.8241189199407
First Spanish-Moroccan,230,Spain,600,Morocco,1859,-3.7037902,40.4167754,-6.8498129,33.9715904,769.6538369828452
First Spanish-Moroccan,230,Spain,600,Morocco,1859,-3.7037902,40.4167754,-6.8498129,33.9715904,769.6538369828452
Italian-Roman,325,Sardinia/Piedmont,327,Papal States,1860,12.4963655,41.9027835,12.4963655,41.9027835,0
Neapolitan,325,Sardinia/Piedmont,329,Two Sicilies,1860,12.4963655,41.9027835,14.2681244,40.8517746,188.64997223937533
Franco-Mexican,70,Mexico,220,France,1862,-99.133208,19.4326077,2.3522219,48.856614,9206.556038366549
Franco-Mexican,70,Mexico,220,France,1862,-99.133208,19.4326077,2.3522219,48.856614,9206.556038366549
Ecuadorian-Colombian,100,Colombia,130,Ecuador,1863,-74.072092,4.710988599999999,-78.4678382,-0.1806532,731.7406019746873
Second Schleswig-Holstein,255,Germany,390,Denmark,1864,13.404954,52.52000659999999,12.5683372,55.6760968,355.5463981481779
Second Schleswig-Holstein,255,Germany,390,Denmark,1864,13.404954,52.52000659999999,12.5683372,55.6760968,355.5463981481779
Second Schleswig-Holstein,255,Germany,390,Denmark,1864,13.404954,52.52000659999999,12.5683372,55.6760968,355.5463981481779
Second Schleswig-Holstein,255,Germany,390,Denmark,1864,13.404954,52.52000659999999,12.5683372,55.6760968,355.5463981481779
Second Schleswig-Holstein,300,Austria,390,Denmark,1864,16.3631031,48.210496,12.5683372,55.6760968,870.5750334772349
Second Schleswig-Holstein,300,Austria,390,Denmark,1864,16.3631031,48.210496,12.5683372,55.6760968,870.5750334772349
Lopez,160,Argentina,150,Paraguay,1865,-58.3815591,-34.6036844,-57.57592599999999,-25.2637399,1042.6057684993625
Lopez,160,Argentina,150,Paraguay,1865,-58.3815591,-34.6036844,-57.57592599999999,-25.2637399,1042.6057684993625
Lopez,140,Brazil,150,Paraguay,1864,-43.1728965,-22.9068467,-57.57592599999999,-25.2637399,1486.2798561159077
Lopez,140,Brazil,150,Paraguay,1864,-43.1728965,-22.9068467,-57.57592599999999,-25.2637399,1486.2798561159077
Naval War,155,Chile,230,Spain,1865,-70.6692655,-33.4488897,-3.7037902,40.4167754,10714.051396939829
Naval War,135,Peru,230,Spain,1866,-77.042754,-12.0463731,-3.7037902,40.4167754,9519.68276930153
Seven Weeks,325,Italy,275,Hesse Grand Ducal,1866,11.2558136,43.7695604,8.6511929,49.8728253,707.6701608153844
Seven Weeks,325,Italy,271,Wuerttemburg,1866,11.2558136,43.7695604,9.1829321,48.7758459,579.6121765368259
Seven Weeks,325,Italy,245,Bavaria,1866,11.2558136,43.7695604,11.5819805,48.1351253,486.6263339499952
Seven Weeks,325,Italy,300,Austria,1866,11.2558136,43.7695604,16.3631031,48.210496,632.4925385184116
Seven Weeks,325,Italy,273,Hesse Electoral,1866,11.2558136,43.7695604,9.4797461,51.3127114,850.1706912892696
Seven Weeks,325,Italy,269,Saxony,1866,11.2558136,43.7695604,13.7372621,51.0504088,831.6491686375773
Seven Weeks,325,Italy,267,Baden,1866,11.2558136,43.7695604,8.4036527,49.0068901,622.6729416543566
Seven Weeks,325,Italy,240,Hanover,1866,11.2558136,43.7695604,9.732010400000002,52.3758916,964.6743762923918
Seven Weeks,255,Germany,275,Hesse Grand Ducal,1866,13.404954,52.52000659999999,8.6511929,49.8728253,443.4619303297011
Seven Weeks,255,Germany,271,Wuerttemburg,1866,13.404954,52.52000659999999,9.1829321,48.7758459,512.1884558082389
Seven Weeks,255,Germany,245,Bavaria,1866,13.404954,52.52000659999999,11.5819805,48.1351253,504.9778889258703
Seven Weeks,255,Germany,300,Austria,1866,13.404954,52.52000659999999,16.3631031,48.210496,523.5931310435825
Seven Weeks,255,Germany,273,Hesse Electoral,1866,13.404954,52.52000659999999,9.4797461,51.3127114,301.1114753488195
Seven Weeks,255,Germany,269,Saxony,1866,13.404954,52.52000659999999,13.7372621,51.0504088,165.1871317060434
Seven Weeks,255,Germany,267,Baden,1866,13.404954,52.52000659999999,8.4036527,49.0068901,526.0160112367826
Seven Weeks,255,Germany,240,Hanover,1866,13.404954,52.52000659999999,9.732010400000002,52.3758916,249.68769482917975
Seven Weeks,255,Germany,275,Hesse Grand Ducal,1866,13.404954,52.52000659999999,8.6511929,49.8728253,443.4619303297011
Seven Weeks,255,Germany,271,Wuerttemburg,1866,13.404954,52.52000659999999,9.1829321,48.7758459,512.1884558082389
Seven Weeks,255,Germany,245,Bavaria,1866,13.404954,52.52000659999999,11.5819805,48.1351253,504.9778889258703
Seven Weeks,255,Germany,300,Austria,1866,13.404954,52.52000659999999,16.3631031,48.210496,523.5931310435825
Seven Weeks,255,Germany,273,Hesse Electoral,1866,13.404954,52.52000659999999,9.4797461,51.3127114,301.1114753488195
Seven Weeks,255,Germany,269,Saxony,1866,13.404954,52.52000659999999,13.7372621,51.0504088,165.1871317060434
Seven Weeks,255,Germany,267,Baden,1866,13.404954,52.52000659999999,8.4036527,49.0068901,526.0160112367826
Seven Weeks,255,Germany,240,Hanover,1866,13.404954,52.52000659999999,9.732010400000002,52.3758916,249.68769482917975
Seven Weeks,280,Mecklenburg Schwerin,275,Hesse Grand Ducal,1866,11.4012499,53.6355022,8.6511929,49.8728253,459.6489788353558
Seven Weeks,280,Mecklenburg Schwerin,271,Wuerttemburg,1866,11.4012499,53.6355022,9.1829321,48.7758459,562.5899978260386
Seven Weeks,280,Mecklenburg Schwerin,245,Bavaria,1866,11.4012499,53.6355022,11.5819805,48.1351253,612.4301340404841
Seven Weeks,280,Mecklenburg Schwerin,300,Austria,1866,11.4012499,53.6355022,16.3631031,48.210496,696.6981775649244
Seven Weeks,280,Mecklenburg Schwerin,273,Hesse Electoral,1866,11.4012499,53.6355022,9.4797461,51.3127114,289.5169772845878
Seven Weeks,280,Mecklenburg Schwerin,269,Saxony,1866,11.4012499,53.6355022,13.7372621,51.0504088,328.66969127274024
Seven Weeks,280,Mecklenburg Schwerin,267,Baden,1866,11.4012499,53.6355022,8.4036527,49.0068901,555.7306302553094
Seven Weeks,280,Mecklenburg Schwerin,240,Hanover,1866,11.4012499,53.6355022,9.732010400000002,52.3758916,179.33218807426024
Franco-Prussian,271,Wuerttemburg,220,France,1870,9.1829321,48.7758459,2.3522219,48.856614,500.61207698689145
Franco-Prussian,271,Wuerttemburg,220,France,1870,9.1829321,48.7758459,2.3522219,48.856614,500.61207698689145
Franco-Prussian,267,Baden,220,France,1870,8.4036527,49.0068901,2.3522219,48.856614,442.7528677570365
Franco-Prussian,267,Baden,220,France,1870,8.4036527,49.0068901,2.3522219,48.856614,442.7528677570365
Franco-Prussian,255,Germany,220,France,1870,13.404954,52.52000659999999,2.3522219,48.856614,878.4415314214283
Franco-Prussian,255,Germany,220,France,1870,13.404954,52.52000659999999,2.3522219,48.856614,878.4415314214283
Franco-Prussian,255,Germany,220,France,1870,13.404954,52.52000659999999,2.3522219,48.856614,878.4415314214283
Franco-Prussian,255,Germany,220,France,1870,13.404954,52.52000659999999,2.3522219,48.856614,878.4415314214283
Franco-Prussian,245,Bavaria,220,France,1870,11.5819805,48.1351253,2.3522219,48.856614,685.1544547779905
Franco-Prussian,245,Bavaria,220,France,1870,11.5819805,48.1351253,2.3522219,48.856614,685.1544547779905
First Central American,90,Guatemala,92,El Salvador,1876,-90.5068824,14.6349149,-89.2181911,13.6929403,174.19124288286918
Second Russo-Turkish,365,Russia,640,Turkey,1877,30.3350986,59.9342802,32.8597419,39.9333635,2233.4347117145894
War of the Pacific,155,Chile,135,Peru,1879,-70.6692655,-33.4488897,-77.042754,-12.0463731,2469.168231616269
War of the Pacific,155,Chile,145,Bolivia,1879,-70.6692655,-33.4488897,-65.2619615,-19.0195852,1693.781758522281
Conquest of Egypt,200,United Kingdom,651,Egypt,1882,-0.1277583,51.5073509,31.2357116,30.0444196,3515.2389211445907
Conquest of Egypt,200,United Kingdom,651,Egypt,1882,-0.1277583,51.5073509,31.2357116,30.0444196,3515.2389211445907
Sino-French,220,France,710,China,1884,2.3522219,48.856614,116.4073963,39.90419989999999,8226.189475955256
Sino-French,220,France,710,China,1884,2.3522219,48.856614,116.4073963,39.90419989999999,8226.189475955256
Second Central American,92,El Salvador,90,Guatemala,1885,-89.2181911,13.6929403,-90.5068824,14.6349149,174.1912428828692
First Sino-Japanese,740,Japan,710,China,1894,139.6917064,35.6894875,116.4073963,39.90419989999999,2094.741630041268
First Sino-Japanese,740,Japan,710,China,1894,139.6917064,35.6894875,116.4073963,39.90419989999999,2094.741630041268
Greco-Turkish,640,Turkey,350,Greece,1897,32.8597419,39.9333635,23.7275388,37.9838096,819.3238104163058
Greco-Turkish,640,Turkey,350,Greece,1897,32.8597419,39.9333635,23.7275388,37.9838096,819.3238104163058
Spanish-American,2,United States of America,230,Spain,1898,-77.0368707,38.9071923,-3.7037902,40.4167754,6094.946785428563
Boxer Rebellion,365,Russia,710,China,1900,30.3350986,59.9342802,116.4073963,39.90419989999999,6060.531017562297
Boxer Rebellion,740,Japan,710,China,1900,139.6917064,35.6894875,116.4073963,39.90419989999999,2094.741630041268
Boxer Rebellion,740,Japan,710,China,1900,139.6917064,35.6894875,116.4073963,39.90419989999999,2094.741630041268
Boxer Rebellion,2,United States of America,710,China,1900,-77.0368707,38.9071923,116.4073963,39.90419989999999,11158.077102047679
Boxer Rebellion,200,United Kingdom,710,China,1900,-0.1277583,51.5073509,116.4073963,39.90419989999999,8150.178492869188
Boxer Rebellion,220,France,710,China,1900,2.3522219,48.856614,116.4073963,39.90419989999999,8226.189475955256
Boxer Rebellion,220,France,710,China,1900,2.3522219,48.856614,116.4073963,39.90419989999999,8226.189475955256
Sino-Russian,365,Russia,710,China,1900,30.3350986,59.9342802,116.4073963,39.90419989999999,6060.531017562297
Russo-Japanese,740,Japan,365,Russia,1904,139.6917064,35.6894875,30.3350986,59.9342802,7601.167907539177
Russo-Japanese,740,Japan,365,Russia,1904,139.6917064,35.6894875,30.3350986,59.9342802,7601.167907539177
Third Central American,90,Guatemala,91,Honduras,1906,-90.5068824,14.6349149,-87.19213599999999,14.0722751,362.91808744900766
Third Central American,90,Guatemala,92,El Salvador,1906,-90.5068824,14.6349149,-89.2181911,13.6929403,174.19124288286918
Fourth Central American,93,Nicaragua,92,El Salvador,1907,-86.2361744,12.1149926,-89.2181911,13.6929403,368.1656750910871
Fourth Central American,93,Nicaragua,91,Honduras,1907,-86.2361744,12.1149926,-87.19213599999999,14.0722751,241.27885992822056
Second Spanish-Moroccan,230,Spain,600,Morocco,1909,-3.7037902,40.4167754,-6.8498129,33.9715904,769.6538369828452
Second Spanish-Moroccan,230,Spain,600,Morocco,1909,-3.7037902,40.4167754,-6.8498129,33.9715904,769.6538369828452
Italian-Turkish,325,Italy,640,Turkey,1911,12.4963655,41.9027835,32.8597419,39.9333635,1722.7696807085701
First Balkan,350,Greece,640,Turkey,1912,23.7275388,37.9838096,32.8597419,39.9333635,819.323810416306
First Balkan,350,Greece,640,Turkey,1912,23.7275388,37.9838096,32.8597419,39.9333635,819.323810416306
First Balkan,355,Bulgaria,640,Turkey,1912,23.3218675,42.6977082,32.8597419,39.9333635,854.164027678177
First Balkan,345,Yugoslavia,640,Turkey,1912,20.4489216,44.786568,32.8597419,39.9333635,1153.270263711317
First Balkan,345,Yugoslavia,640,Turkey,1912,20.4489216,44.786568,32.8597419,39.9333635,1153.270263711317
Second Balkan,640,Turkey,355,Bulgaria,1913,32.8597419,39.9333635,23.3218675,42.6977082,854.1640276781769
Second Balkan,345,Yugoslavia,355,Bulgaria,1913,20.4489216,44.786568,23.3218675,42.6977082,327.7630164275538
Second Balkan,345,Yugoslavia,355,Bulgaria,1913,20.4489216,44.786568,23.3218675,42.6977082,327.7630164275538
Second Balkan,350,Greece,355,Bulgaria,1913,23.7275388,37.9838096,23.3218675,42.6977082,525.8744697832816
Second Balkan,350,Greece,355,Bulgaria,1913,23.7275388,37.9838096,23.3218675,42.6977082,525.8744697832816
Second Balkan,360,Romania,355,Bulgaria,1913,26.1025384,44.4267674,23.3218675,42.6977082,295.5345796444928
World War I,345,Yugoslavia,355,Bulgaria,1914,20.4489216,44.786568,23.3218675,42.6977082,327.7630164275538
World War I,345,Yugoslavia,640,Turkey,1914,20.4489216,44.786568,32.8597419,39.9333635,1153.270263711317
World War I,345,Yugoslavia,255,Germany,1914,20.4489216,44.786568,13.404954,52.52000659999999,1003.6296443305774
World War I,345,Yugoslavia,255,Germany,1914,20.4489216,44.786568,13.404954,52.52000659999999,1003.6296443305774
World War I,345,Yugoslavia,300,Austria-Hungary,1914,20.4489216,44.786568,16.3631031,48.210496,493.1071336646221
World War I,345,Yugoslavia,355,Bulgaria,1914,20.4489216,44.786568,23.3218675,42.6977082,327.7630164275538
World War I,345,Yugoslavia,640,Turkey,1914,20.4489216,44.786568,32.8597419,39.9333635,1153.270263711317
World War I,345,Yugoslavia,255,Germany,1914,20.4489216,44.786568,13.404954,52.52000659999999,1003.6296443305774
World War I,345,Yugoslavia,255,Germany,1914,20.4489216,44.786568,13.404954,52.52000659999999,1003.6296443305774
World War I,345,Yugoslavia,300,Austria-Hungary,1914,20.4489216,44.786568,16.3631031,48.210496,493.1071336646221
World War I,365,Russia,355,Bulgaria,1914,30.3350986,59.9342802,23.3218675,42.6977082,1977.2023418150327
World War I,365,Russia,640,Turkey,1914,30.3350986,59.9342802,32.8597419,39.9333635,2233.4347117145894
World War I,365,Russia,255,Germany,1914,30.3350986,59.9342802,13.404954,52.52000659999999,1327.2306223108285
World War I,365,Russia,255,Germany,1914,30.3350986,59.9342802,13.404954,52.52000659999999,1327.2306223108285
World War I,365,Russia,300,Austria-Hungary,1914,30.3350986,59.9342802,16.3631031,48.210496,1585.5248175765425
World War I,365,Russia,355,Bulgaria,1914,37.6172999,55.755826,23.3218675,42.6977082,1779.4043055551765
World War I,365,Russia,640,Turkey,1914,37.6172999,55.755826,32.8597419,39.9333635,1795.7972103047623
World War I,365,Russia,255,Germany,1914,37.6172999,55.755826,13.404954,52.52000659999999,1610.6363318969086
World War I,365,Russia,255,Germany,1914,37.6172999,55.755826,13.404954,52.52000659999999,1610.6363318969086
World War I,365,Russia,300,Austria-Hungary,1914,37.6172999,55.755826,16.3631031,48.210496,1672.0383296883533
World War I,200,United Kingdom,355,Bulgaria,1914,-0.1277583,51.5073509,23.3218675,42.6977082,2016.7869623897104
World War I,200,United Kingdom,640,Turkey,1914,-0.1277583,51.5073509,32.8597419,39.9333635,2836.5505869372396
World War I,200,United Kingdom,255,Germany,1914,-0.1277583,51.5073509,13.404954,52.52000659999999,932.6082353352707
World War I,200,United Kingdom,255,Germany,1914,-0.1277583,51.5073509,13.404954,52.52000659999999,932.6082353352707
World War I,200,United Kingdom,300,Austria-Hungary,1914,-0.1277583,51.5073509,16.3631031,48.210496,1235.9583822321704
World War I,740,Japan,355,Bulgaria,1914,139.6917064,35.6894875,23.3218675,42.6977082,9184.097268880594
World War I,740,Japan,640,Turkey,1914,139.6917064,35.6894875,32.8597419,39.9333635,8772.58142828977
World War I,740,Japan,255,Germany,1914,139.6917064,35.6894875,13.404954,52.52000659999999,8926.096878543976
World War I,740,Japan,255,Germany,1914,139.6917064,35.6894875,13.404954,52.52000659999999,8926.096878543976
World War I,740,Japan,300,Austria-Hungary,1914,139.6917064,35.6894875,16.3631031,48.210496,9138.348839298378
World War I,740,Japan,355,Bulgaria,1914,139.6917064,35.6894875,23.3218675,42.6977082,9184.097268880594
World War I,740,Japan,640,Turkey,1914,139.6917064,35.6894875,32.8597419,39.9333635,8772.58142828977
World War I,740,Japan,255,Germany,1914,139.6917064,35.6894875,13.404954,52.52000659999999,8926.096878543976
World War I,740,Japan,255,Germany,1914,139.6917064,35.6894875,13.404954,52.52000659999999,8926.096878543976
World War I,740,Japan,300,Austria-Hungary,1914,139.6917064,35.6894875,16.3631031,48.210496,9138.348839298378
World War I,235,Portugal,355,Bulgaria,1916,-9.1393366,38.7222524,23.3218675,42.6977082,2757.2740025376
World War I,235,Portugal,640,Turkey,1916,-9.1393366,38.7222524,32.8597419,39.9333635,3585.342863432986
World War I,235,Portugal,255,Germany,1916,-9.1393366,38.7222524,13.404954,52.52000659999999,2314.7165949910673
World War I,235,Portugal,255,Germany,1916,-9.1393366,38.7222524,13.404954,52.52000659999999,2314.7165949910673
World War I,235,Portugal,300,Austria-Hungary,1916,-9.1393366,38.7222524,16.3631031,48.210496,2300.3651810404267
World War I,211,Belgium,355,Bulgaria,1914,4.3517211,50.8503463,23.3218675,42.6977082,1699.9117715030447
World War I,211,Belgium,640,Turkey,1914,4.3517211,50.8503463,32.8597419,39.9333635,2515.9212711100017
World War I,211,Belgium,255,Germany,1914,4.3517211,50.8503463,13.404954,52.52000659999999,651.3708090671089
World War I,211,Belgium,255,Germany,1914,4.3517211,50.8503463,13.404954,52.52000659999999,651.3708090671089
World War I,211,Belgium,300,Austria-Hungary,1914,4.3517211,50.8503463,16.3631031,48.210496,914.9972818445445
World War I,211,Belgium,355,Bulgaria,1914,4.3517211,50.8503463,23.3218675,42.6977082,1699.9117715030447
World War I,211,Belgium,640,Turkey,1914,4.3517211,50.8503463,32.8597419,39.9333635,2515.9212711100017
World War I,211,Belgium,255,Germany,1914,4.3517211,50.8503463,13.404954,52.52000659999999,651.3708090671089
World War I,211,Belgium,255,Germany,1914,4.3517211,50.8503463,13.404954,52.52000659999999,651.3708090671089
World War I,211,Belgium,300,Austria-Hungary,1914,4.3517211,50.8503463,16.3631031,48.210496,914.9972818445445
World War I,350,Greece,355,Bulgaria,1917,23.7275388,37.9838096,23.3218675,42.6977082,525.8744697832816
World War I,350,Greece,640,Turkey,1917,23.7275388,37.9838096,32.8597419,39.9333635,819.323810416306
World War I,350,Greece,255,Germany,1917,23.7275388,37.9838096,13.404954,52.52000659999999,1804.9059474303926
World War I,350,Greece,255,Germany,1917,23.7275388,37.9838096,13.404954,52.52000659999999,1804.9059474303926
World War I,350,Greece,300,Austria-Hungary,1917,23.7275388,37.9838096,16.3631031,48.210496,1284.7873841543083
World War I,350,Greece,355,Bulgaria,1917,23.7275388,37.9838096,23.3218675,42.6977082,525.8744697832816
World War I,350,Greece,640,Turkey,1917,23.7275388,37.9838096,32.8597419,39.9333635,819.323810416306
World War I,350,Greece,255,Germany,1917,23.7275388,37.9838096,13.404954,52.52000659999999,1804.9059474303926
World War I,350,Greece,255,Germany,1917,23.7275388,37.9838096,13.404954,52.52000659999999,1804.9059474303926
World War I,350,Greece,300,Austria-Hungary,1917,23.7275388,37.9838096,16.3631031,48.210496,1284.7873841543083
World War I,360,Romania,355,Bulgaria,1916,26.1025384,44.4267674,23.3218675,42.6977082,295.5345796444928
World War I,360,Romania,640,Turkey,1916,26.1025384,44.4267674,32.8597419,39.9333635,748.4658068237629
World War I,360,Romania,255,Germany,1916,26.1025384,44.4267674,13.404954,52.52000659999999,1296.4448828191162
World War I,360,Romania,255,Germany,1916,26.1025384,44.4267674,13.404954,52.52000659999999,1296.4448828191162
World War I,360,Romania,300,Austria-Hungary,1916,26.1025384,44.4267674,16.3631031,48.210496,858.2078531640722
World War I,220,France,355,Bulgaria,1914,2.3522219,48.856614,23.3218675,42.6977082,1759.2082372121904
World War I,220,France,640,Turkey,1914,2.3522219,48.856614,32.8597419,39.9333635,2600.0589329051945
World War I,220,France,255,Germany,1914,2.3522219,48.856614,13.404954,52.52000659999999,878.4415314214282
World War I,220,France,255,Germany,1914,2.3522219,48.856614,13.404954,52.52000659999999,878.4415314214282
World War I,220,France,300,Austria-Hungary,1914,2.3522219,48.856614,16.3631031,48.210496,1033.8241189199407
World War I,220,France,355,Bulgaria,1914,2.3522219,48.856614,23.3218675,42.6977082,1759.2082372121904
World War I,220,France,640,Turkey,1914,2.3522219,48.856614,32.8597419,39.9333635,2600.0589329051945
World War I,220,France,255,Germany,1914,2.3522219,48.856614,13.404954,52.52000659999999,878.4415314214282
World War I,220,France,255,Germany,1914,2.3522219,48.856614,13.404954,52.52000659999999,878.4415314214282
World War I,220,France,300,Austria-Hungary,1914,2.3522219,48.856614,16.3631031,48.210496,1033.8241189199407
World War I,325,Italy,355,Bulgaria,1915,12.4963655,41.9027835,23.3218675,42.6977082,895.0766008079427
World War I,325,Italy,640,Turkey,1915,12.4963655,41.9027835,32.8597419,39.9333635,1722.7696807085701
World War I,325,Italy,255,Germany,1915,12.4963655,41.9027835,13.404954,52.52000659999999,1183.8734402302075
World War I,325,Italy,255,Germany,1915,12.4963655,41.9027835,13.404954,52.52000659999999,1183.8734402302075
World War I,325,Italy,300,Austria-Hungary,1915,12.4963655,41.9027835,16.3631031,48.210496,764.9245907173968
World War I,2,United States of America,355,Bulgaria,1917,-77.0368707,38.9071923,23.3218675,42.6977082,7920.512734593111
World War I,2,United States of America,640,Turkey,1917,-77.0368707,38.9071923,32.8597419,39.9333635,8733.931941413266
World War I,2,United States of America,255,Germany,1917,-77.0368707,38.9071923,13.404954,52.52000659999999,6717.721442368432
World War I,2,United States of America,255,Germany,1917,-77.0368707,38.9071923,13.404954,52.52000659999999,6717.721442368432
World War I,2,United States of America,300,Austria-Hungary,1917,-77.0368707,38.9071923,16.3631031,48.210496,7130.437173565756
Estonian Liberation,366,Estonia,365,Russia,1918,24.7535747,59.43696079999999,37.6172999,55.755826,867.933130757465
Estonian Liberation,366,Estonia,365,Russia,1918,24.7535747,59.43696079999999,37.6172999,55.755826,867.933130757465
Estonian Liberation,375,Finland,365,Russia,1918,24.9383791,60.16985569999999,37.6172999,55.755826,893.2898620912538
Latvian Liberation,255,Germany,365,Russia,1918,13.404954,52.52000659999999,37.6172999,55.755826,1610.6363318969086
Latvian Liberation,255,Germany,255,Germany,1918,13.404954,52.52000659999999,13.404954,52.52000659999999,0
Latvian Liberation,255,Germany,255,Germany,1918,13.404954,52.52000659999999,13.404954,52.52000659999999,0
Latvian Liberation,255,Germany,365,Russia,1918,13.404954,52.52000659999999,37.6172999,55.755826,1610.6363318969086
Latvian Liberation,255,Germany,255,Germany,1918,13.404954,52.52000659999999,13.404954,52.52000659999999,0
Latvian Liberation,255,Germany,255,Germany,1918,13.404954,52.52000659999999,13.404954,52.52000659999999,0
Latvian Liberation,366,Estonia,365,Russia,1919,24.7535747,59.43696079999999,37.6172999,55.755826,867.933130757465
Latvian Liberation,366,Estonia,255,Germany,1919,24.7535747,59.43696079999999,13.404954,52.52000659999999,1042.4871418504438
Latvian Liberation,366,Estonia,255,Germany,1919,24.7535747,59.43696079999999,13.404954,52.52000659999999,1042.4871418504438
Latvian Liberation,366,Estonia,365,Russia,1919,24.7535747,59.43696079999999,37.6172999,55.755826,867.933130757465
Latvian Liberation,366,Estonia,255,Germany,1919,24.7535747,59.43696079999999,13.404954,52.52000659999999,1042.4871418504438
Latvian Liberation,366,Estonia,255,Germany,1919,24.7535747,59.43696079999999,13.404954,52.52000659999999,1042.4871418504438
Latvian Liberation,367,Latvia,365,Russia,1918,24.1051865,56.9496487,37.6172999,55.755826,842.5136212869693
Latvian Liberation,367,Latvia,255,Germany,1918,24.1051865,56.9496487,13.404954,52.52000659999999,844.7179058953858
Latvian Liberation,367,Latvia,255,Germany,1918,24.1051865,56.9496487,13.404954,52.52000659999999,844.7179058953858
Latvian Liberation,367,Latvia,365,Russia,1918,24.1051865,56.9496487,37.6172999,55.755826,842.5136212869693
Latvian Liberation,367,Latvia,255,Germany,1918,24.1051865,56.9496487,13.404954,52.52000659999999,844.7179058953858
Latvian Liberation,367,Latvia,255,Germany,1918,24.1051865,56.9496487,13.404954,52.52000659999999,844.7179058953858
Russo-Polish,290,Poland,365,Russia,1919,21.0122287,52.2296756,37.6172999,55.755826,1151.988962179366
Russo-Polish,290,Poland,365,Russia,1919,21.0122287,52.2296756,37.6172999,55.755826,1151.988962179366
Hungarian Adversaries,315,Czechoslovakia,310,Hungary,1919,14.4378005,50.0755381,19.040235,47.497912,442.89287045613304
Hungarian Adversaries,315,Czechoslovakia,310,Hungary,1919,14.4378005,50.0755381,19.040235,47.497912,442.89287045613304
Hungarian Adversaries,360,Romania,310,Hungary,1919,26.1025384,44.4267674,19.040235,47.497912,644.2347575270358
Second Greco-Turkish,640,Turkey,350,Greece,1919,32.8597419,39.9333635,23.7275388,37.9838096,819.3238104163058
Second Greco-Turkish,640,Turkey,350,Greece,1919,32.8597419,39.9333635,23.7275388,37.9838096,819.3238104163058
Franco-Turkish,220,France,640,Turkey,1919,2.3522219,48.856614,32.8597419,39.9333635,2600.0589329051945
Franco-Turkish,220,France,640,Turkey,1919,2.3522219,48.856614,32.8597419,39.9333635,2600.0589329051945
Lithuanian-Polish,290,Poland,368,Lithuania,1920,21.0122287,52.2296756,NA,NA,NA
Lithuanian-Polish,290,Poland,368,Lithuania,1920,21.0122287,52.2296756,NA,NA,NA
Manchurian,365,USSR,710,China,1929,37.6172999,55.755826,116.4073963,39.90419989999999,5800.2896513519345
Second Sino-Japanese,740,Japan,710,China,1931,139.6917064,35.6894875,116.4073963,39.90419989999999,2094.741630041268
Second Sino-Japanese,740,Japan,710,China,1931,139.6917064,35.6894875,116.4073963,39.90419989999999,2094.741630041268
Chaco,150,Paraguay,145,Bolivia,1932,-57.57592599999999,-25.2637399,-65.2619615,-19.0195852,1053.643009786837
Chaco,150,Paraguay,145,Bolivia,1932,-57.57592599999999,-25.2637399,-65.2619615,-19.0195852,1053.643009786837
Saudi-Yemeni,670,Saudi Arabia,678,Yemen Arab Republic,1934,46.6752957,24.7135517,44.1910066,15.3694451,1072.0372415680292
Conquest of Ethiopia,325,Italy,530,Ethiopia,1935,12.4963655,41.9027835,38.7577605,8.9806034,4477.668564445753
Conquest of Ethiopia,325,Italy,530,Ethiopia,1935,12.4963655,41.9027835,38.7577605,8.9806034,4477.668564445753
Third Sino-Japanese,740,Japan,710,China,1937,139.6917064,35.6894875,116.4073963,39.90419989999999,2094.741630041268
Third Sino-Japanese,740,Japan,710,China,1937,139.6917064,35.6894875,116.4073963,39.90419989999999,2094.741630041268
Changkufeng,740,Japan,365,USSR,1938,139.6917064,35.6894875,37.6172999,55.755826,7486.61814725538
Changkufeng,740,Japan,365,USSR,1938,139.6917064,35.6894875,37.6172999,55.755826,7486.61814725538
Nomonhan,365,USSR,740,Japan,1939,37.6172999,55.755826,139.6917064,35.6894875,7486.61814725538
Nomonhan,365,USSR,740,Japan,1939,37.6172999,55.755826,139.6917064,35.6894875,7486.61814725538
Nomonhan,712,Mongolia,740,Japan,1939,106.9057439,47.88639879999999,139.6917064,35.6894875,3010.4487744079743
Nomonhan,712,Mongolia,740,Japan,1939,106.9057439,47.88639879999999,139.6917064,35.6894875,3010.4487744079743
World War II,211,Belgium,310,Hungary,1940,4.3517211,50.8503463,19.040235,47.497912,1129.9393407420682
World War II,211,Belgium,220,France,1940,4.3517211,50.8503463,2.3522219,48.856614,264.2740693907959
World War II,211,Belgium,220,France,1940,4.3517211,50.8503463,2.3522219,48.856614,264.2740693907959
World War II,211,Belgium,220,France,1940,4.3517211,50.8503463,3.425488,46.131859,529.6737473366294
World War II,211,Belgium,220,France,1940,4.3517211,50.8503463,3.425488,46.131859,529.6737473366294
World War II,211,Belgium,375,Finland,1940,4.3517211,50.8503463,24.9383791,60.16985569999999,1649.4661492778628
World War II,211,Belgium,325,Italy,1940,4.3517211,50.8503463,12.4963655,41.9027835,1174.5604127171619
World War II,211,Belgium,360,Romania,1940,4.3517211,50.8503463,26.1025384,44.4267674,1772.7643587784148
World War II,211,Belgium,355,Bulgaria,1940,4.3517211,50.8503463,23.3218675,42.6977082,1699.9117715030447
World War II,211,Belgium,255,Germany,1940,4.3517211,50.8503463,13.404954,52.52000659999999,651.3708090671089
World War II,211,Belgium,255,Germany,1940,4.3517211,50.8503463,13.404954,52.52000659999999,651.3708090671089
World War II,211,Belgium,740,Japan,1940,4.3517211,50.8503463,139.6917064,35.6894875,9458.745133062042
World War II,211,Belgium,740,Japan,1940,4.3517211,50.8503463,139.6917064,35.6894875,9458.745133062042
World War II,211,Belgium,310,Hungary,1940,4.3517211,50.8503463,19.040235,47.497912,1129.9393407420682
World War II,211,Belgium,220,France,1940,4.3517211,50.8503463,2.3522219,48.856614,264.2740693907959
World War II,211,Belgium,220,France,1940,4.3517211,50.8503463,2.3522219,48.856614,264.2740693907959
World War II,211,Belgium,220,France,1940,4.3517211,50.8503463,3.425488,46.131859,529.6737473366294
World War II,211,Belgium,220,France,1940,4.3517211,50.8503463,3.425488,46.131859,529.6737473366294
World War II,211,Belgium,375,Finland,1940,4.3517211,50.8503463,24.9383791,60.16985569999999,1649.4661492778628
World War II,211,Belgium,325,Italy,1940,4.3517211,50.8503463,12.4963655,41.9027835,1174.5604127171619
World War II,211,Belgium,360,Romania,1940,4.3517211,50.8503463,26.1025384,44.4267674,1772.7643587784148
World War II,211,Belgium,355,Bulgaria,1940,4.3517211,50.8503463,23.3218675,42.6977082,1699.9117715030447
World War II,211,Belgium,255,Germany,1940,4.3517211,50.8503463,13.404954,52.52000659999999,651.3708090671089
World War II,211,Belgium,255,Germany,1940,4.3517211,50.8503463,13.404954,52.52000659999999,651.3708090671089
World War II,211,Belgium,740,Japan,1940,4.3517211,50.8503463,139.6917064,35.6894875,9458.745133062042
World War II,211,Belgium,740,Japan,1940,4.3517211,50.8503463,139.6917064,35.6894875,9458.745133062042
World War II,345,Yugoslavia,310,Hungary,1941,20.4489216,44.786568,19.040235,47.497912,320.7712150118852
World War II,345,Yugoslavia,220,France,1941,20.4489216,44.786568,2.3522219,48.856614,1446.9049085874308
World War II,345,Yugoslavia,220,France,1941,20.4489216,44.786568,2.3522219,48.856614,1446.9049085874308
World War II,345,Yugoslavia,220,France,1941,20.4489216,44.786568,3.425488,46.131859,1335.0206413528513
World War II,345,Yugoslavia,220,France,1941,20.4489216,44.786568,3.425488,46.131859,1335.0206413528513
World War II,345,Yugoslavia,375,Finland,1941,20.4489216,44.786568,24.9383791,60.16985569999999,1738.3139313603997
World War II,345,Yugoslavia,325,Italy,1941,20.4489216,44.786568,12.4963655,41.9027835,718.9607943040027
World War II,345,Yugoslavia,360,Romania,1941,20.4489216,44.786568,26.1025384,44.4267674,449.76208008768873
World War II,345,Yugoslavia,355,Bulgaria,1941,20.4489216,44.786568,23.3218675,42.6977082,327.7630164275538
World War II,345,Yugoslavia,255,Germany,1941,20.4489216,44.786568,13.404954,52.52000659999999,1003.6296443305774
World War II,345,Yugoslavia,255,Germany,1941,20.4489216,44.786568,13.404954,52.52000659999999,1003.6296443305774
World War II,345,Yugoslavia,740,Japan,1941,20.4489216,44.786568,139.6917064,35.6894875,9191.21078208623
World War II,345,Yugoslavia,740,Japan,1941,20.4489216,44.786568,139.6917064,35.6894875,9191.21078208623
World War II,345,Yugoslavia,310,Hungary,1941,20.4489216,44.786568,19.040235,47.497912,320.7712150118852
World War II,345,Yugoslavia,220,France,1941,20.4489216,44.786568,2.3522219,48.856614,1446.9049085874308
World War II,345,Yugoslavia,220,France,1941,20.4489216,44.786568,2.3522219,48.856614,1446.9049085874308
World War II,345,Yugoslavia,220,France,1941,20.4489216,44.786568,3.425488,46.131859,1335.0206413528513
World War II,345,Yugoslavia,220,France,1941,20.4489216,44.786568,3.425488,46.131859,1335.0206413528513
World War II,345,Yugoslavia,375,Finland,1941,20.4489216,44.786568,24.9383791,60.16985569999999,1738.3139313603997
World War II,345,Yugoslavia,325,Italy,1941,20.4489216,44.786568,12.4963655,41.9027835,718.9607943040027
World War II,345,Yugoslavia,360,Romania,1941,20.4489216,44.786568,26.1025384,44.4267674,449.76208008768873
World War II,345,Yugoslavia,355,Bulgaria,1941,20.4489216,44.786568,23.3218675,42.6977082,327.7630164275538
World War II,345,Yugoslavia,255,Germany,1941,20.4489216,44.786568,13.404954,52.52000659999999,1003.6296443305774
World War II,345,Yugoslavia,255,Germany,1941,20.4489216,44.786568,13.404954,52.52000659999999,1003.6296443305774
World War II,345,Yugoslavia,740,Japan,1941,20.4489216,44.786568,139.6917064,35.6894875,9191.21078208623
World War II,345,Yugoslavia,740,Japan,1941,20.4489216,44.786568,139.6917064,35.6894875,9191.21078208623
World War II,385,Norway,310,Hungary,1940,10.7522454,59.9138688,19.040235,47.497912,1483.4210552492373
World War II,385,Norway,220,France,1940,10.7522454,59.9138688,2.3522219,48.856614,1343.478423313419
World War II,385,Norway,220,France,1940,10.7522454,59.9138688,2.3522219,48.856614,1343.478423313419
World War II,385,Norway,220,France,1940,10.7522454,59.9138688,3.425488,46.131859,1608.3923818819592
World War II,385,Norway,220,France,1940,10.7522454,59.9138688,3.425488,46.131859,1608.3923818819592
World War II,385,Norway,375,Finland,1940,10.7522454,59.9138688,24.9383791,60.16985569999999,787.592817261317
World War II,385,Norway,325,Italy,1940,10.7522454,59.9138688,12.4963655,41.9027835,2008.5473759668375
World War II,385,Norway,360,Romania,1940,10.7522454,59.9138688,26.1025384,44.4267674,2006.5869471252943
World War II,385,Norway,355,Bulgaria,1940,10.7522454,59.9138688,23.3218675,42.6977082,2098.4338294798704
World War II,385,Norway,255,Germany,1940,10.7522454,59.9138688,13.404954,52.52000659999999,839.1258727276671
World War II,385,Norway,255,Germany,1940,10.7522454,59.9138688,13.404954,52.52000659999999,839.1258727276671
World War II,385,Norway,740,Japan,1940,10.7522454,59.9138688,139.6917064,35.6894875,8414.378515579587
World War II,385,Norway,740,Japan,1940,10.7522454,59.9138688,139.6917064,35.6894875,8414.378515579587
World War II,385,Norway,310,Hungary,1940,10.7522454,59.9138688,19.040235,47.497912,1483.4210552492373
World War II,385,Norway,220,France,1940,10.7522454,59.9138688,2.3522219,48.856614,1343.478423313419
World War II,385,Norway,220,France,1940,10.7522454,59.9138688,2.3522219,48.856614,1343.478423313419
World War II,385,Norway,220,France,1940,10.7522454,59.9138688,3.425488,46.131859,1608.3923818819592
World War II,385,Norway,220,France,1940,10.7522454,59.9138688,3.425488,46.131859,1608.3923818819592
World War II,385,Norway,375,Finland,1940,10.7522454,59.9138688,24.9383791,60.16985569999999,787.592817261317
World War II,385,Norway,325,Italy,1940,10.7522454,59.9138688,12.4963655,41.9027835,2008.5473759668375
World War II,385,Norway,360,Romania,1940,10.7522454,59.9138688,26.1025384,44.4267674,2006.5869471252943
World War II,385,Norway,355,Bulgaria,1940,10.7522454,59.9138688,23.3218675,42.6977082,2098.4338294798704
World War II,385,Norway,255,Germany,1940,10.7522454,59.9138688,13.404954,52.52000659999999,839.1258727276671
World War II,385,Norway,255,Germany,1940,10.7522454,59.9138688,13.404954,52.52000659999999,839.1258727276671
World War II,385,Norway,740,Japan,1940,10.7522454,59.9138688,139.6917064,35.6894875,8414.378515579587
World War II,385,Norway,740,Japan,1940,10.7522454,59.9138688,139.6917064,35.6894875,8414.378515579587
World War II,20,Canada,310,Hungary,1939,-75.69719309999999,45.4215296,19.040235,47.497912,6782.0005782554235
World War II,20,Canada,220,France,1939,-75.69719309999999,45.4215296,2.3522219,48.856614,5655.062668615108
World War II,20,Canada,220,France,1939,-75.69719309999999,45.4215296,2.3522219,48.856614,5655.062668615108
World War II,20,Canada,220,France,1939,-75.69719309999999,45.4215296,3.425488,46.131859,5872.0219469546
World War II,20,Canada,220,France,1939,-75.69719309999999,45.4215296,3.425488,46.131859,5872.0219469546
World War II,20,Canada,375,Finland,1939,-75.69719309999999,45.4215296,24.9383791,60.16985569999999,6277.768655489519
World War II,20,Canada,325,Italy,1939,-75.69719309999999,45.4215296,12.4963655,41.9027835,6736.586517202623
World War II,20,Canada,360,Romania,1939,-75.69719309999999,45.4215296,26.1025384,44.4267674,7421.160597463406
World War II,20,Canada,355,Bulgaria,1939,-75.69719309999999,45.4215296,23.3218675,42.6977082,7379.004650383758
World War II,20,Canada,255,Germany,1939,-75.69719309999999,45.4215296,13.404954,52.52000659999999,6135.294913520474
World War II,20,Canada,255,Germany,1939,-75.69719309999999,45.4215296,13.404954,52.52000659999999,6135.294913520474
World War II,20,Canada,740,Japan,1939,-75.69719309999999,45.4215296,139.6917064,35.6894875,10332.654959310757
World War II,20,Canada,740,Japan,1939,-75.69719309999999,45.4215296,139.6917064,35.6894875,10332.654959310757
World War II,2,United States of America,310,Hungary,1941,-77.0368707,38.9071923,19.040235,47.497912,7342.587010796126
World War II,2,United States of America,220,France,1941,-77.0368707,38.9071923,2.3522219,48.856614,6171.716069304569
World War II,2,United States of America,220,France,1941,-77.0368707,38.9071923,2.3522219,48.856614,6171.716069304569
World War II,2,United States of America,220,France,1941,-77.0368707,38.9071923,3.425488,46.131859,6364.1496441629015
World War II,2,United States of America,220,France,1941,-77.0368707,38.9071923,3.425488,46.131859,6364.1496441629015
World War II,2,United States of America,375,Finland,1941,-77.0368707,38.9071923,24.9383791,60.16985569999999,6937.454221906832
World War II,2,United States of America,325,Italy,1941,-77.0368707,38.9071923,12.4963655,41.9027835,7224.769441308923
World War II,2,United States of America,360,Romania,1941,-77.0368707,38.9071923,26.1025384,44.4267674,7986.170602691977
World War II,2,United States of America,355,Bulgaria,1941,-77.0368707,38.9071923,23.3218675,42.6977082,7920.512734593111
World War II,2,United States of America,255,Germany,1941,-77.0368707,38.9071923,13.404954,52.52000659999999,6717.721442368432
World War II,2,United States of America,255,Germany,1941,-77.0368707,38.9071923,13.404954,52.52000659999999,6717.721442368432
World War II,2,United States of America,740,Japan,1941,-77.0368707,38.9071923,139.6917064,35.6894875,10915.552493561041
World War II,2,United States of America,740,Japan,1941,-77.0368707,38.9071923,139.6917064,35.6894875,10915.552493561041
World War II,200,United Kingdom,310,Hungary,1939,-0.1277583,51.5073509,19.040235,47.497912,1450.8580691987677
World War II,200,United Kingdom,220,France,1939,-0.1277583,51.5073509,2.3522219,48.856614,343.9342072613254
World War II,200,United Kingdom,220,France,1939,-0.1277583,51.5073509,2.3522219,48.856614,343.9342072613254
World War II,200,United Kingdom,220,France,1939,-0.1277583,51.5073509,3.425488,46.131859,652.4190954480316
World War II,200,United Kingdom,220,France,1939,-0.1277583,51.5073509,3.425488,46.131859,652.4190954480316
World War II,200,United Kingdom,375,Finland,1939,-0.1277583,51.5073509,24.9383791,60.16985569999999,1822.935344593038
World War II,200,United Kingdom,325,Italy,1939,-0.1277583,51.5073509,12.4963655,41.9027835,1435.3813409873794
World War II,200,United Kingdom,360,Romania,1939,-0.1277583,51.5073509,26.1025384,44.4267674,2093.744449895161
World War II,200,United Kingdom,355,Bulgaria,1939,-0.1277583,51.5073509,23.3218675,42.6977082,2016.7869623897104
World War II,200,United Kingdom,255,Germany,1939,-0.1277583,51.5073509,13.404954,52.52000659999999,932.6082353352707
World War II,200,United Kingdom,255,Germany,1939,-0.1277583,51.5073509,13.404954,52.52000659999999,932.6082353352707
World War II,200,United Kingdom,740,Japan,1939,-0.1277583,51.5073509,139.6917064,35.6894875,9569.426314546126
World War II,200,United Kingdom,740,Japan,1939,-0.1277583,51.5073509,139.6917064,35.6894875,9569.426314546126
World War II,210,Netherlands,310,Hungary,1940,4.895167900000001,52.3702157,19.040235,47.497912,1146.7908818185513
World War II,210,Netherlands,220,France,1940,4.895167900000001,52.3702157,2.3522219,48.856614,430.3398943548919
World War II,210,Netherlands,220,France,1940,4.895167900000001,52.3702157,2.3522219,48.856614,430.3398943548919
World War II,210,Netherlands,220,France,1940,4.895167900000001,52.3702157,3.425488,46.131859,702.5731756968555
World War II,210,Netherlands,220,France,1940,4.895167900000001,52.3702157,3.425488,46.131859,702.5731756968555
World War II,210,Netherlands,375,Finland,1940,4.895167900000001,52.3702157,24.9383791,60.16985569999999,1503.2387084885543
World War II,210,Netherlands,325,Italy,1940,4.895167900000001,52.3702157,12.4963655,41.9027835,1297.9518878862061
World War II,210,Netherlands,360,Romania,1940,4.895167900000001,52.3702157,26.1025384,44.4267674,1790.0141137049425
World War II,210,Netherlands,355,Bulgaria,1940,4.895167900000001,52.3702157,23.3218675,42.6977082,1745.691162501203
World War II,210,Netherlands,255,Germany,1940,4.895167900000001,52.3702157,13.404954,52.52000659999999,577.3085922836891
World War II,210,Netherlands,255,Germany,1940,4.895167900000001,52.3702157,13.404954,52.52000659999999,577.3085922836891
World War II,210,Netherlands,740,Japan,1940,4.895167900000001,52.3702157,139.6917064,35.6894875,9298.846200993736
World War II,210,Netherlands,740,Japan,1940,4.895167900000001,52.3702157,139.6917064,35.6894875,9298.846200993736
World War II,210,Netherlands,310,Hungary,1940,4.895167900000001,52.3702157,19.040235,47.497912,1146.7908818185513
World War II,210,Netherlands,220,France,1940,4.895167900000001,52.3702157,2.3522219,48.856614,430.3398943548919
World War II,210,Netherlands,220,France,1940,4.895167900000001,52.3702157,2.3522219,48.856614,430.3398943548919
World War II,210,Netherlands,220,France,1940,4.895167900000001,52.3702157,3.425488,46.131859,702.5731756968555
World War II,210,Netherlands,220,France,1940,4.895167900000001,52.3702157,3.425488,46.131859,702.5731756968555
World War II,210,Netherlands,375,Finland,1940,4.895167900000001,52.3702157,24.9383791,60.16985569999999,1503.2387084885543
World War II,210,Netherlands,325,Italy,1940,4.895167900000001,52.3702157,12.4963655,41.9027835,1297.9518878862061
World War II,210,Netherlands,360,Romania,1940,4.895167900000001,52.3702157,26.1025384,44.4267674,1790.0141137049425
World War II,210,Netherlands,355,Bulgaria,1940,4.895167900000001,52.3702157,23.3218675,42.6977082,1745.691162501203
World War II,210,Netherlands,255,Germany,1940,4.895167900000001,52.3702157,13.404954,52.52000659999999,577.3085922836891
World War II,210,Netherlands,255,Germany,1940,4.895167900000001,52.3702157,13.404954,52.52000659999999,577.3085922836891
World War II,210,Netherlands,740,Japan,1940,4.895167900000001,52.3702157,139.6917064,35.6894875,9298.846200993736
World War II,210,Netherlands,740,Japan,1940,4.895167900000001,52.3702157,139.6917064,35.6894875,9298.846200993736
World War II,360,Romania,310,Hungary,1944,26.1025384,44.4267674,19.040235,47.497912,644.2347575270358
World War II,360,Romania,220,France,1944,26.1025384,44.4267674,2.3522219,48.856614,1872.3819324264355
World War II,360,Romania,220,France,1944,26.1025384,44.4267674,2.3522219,48.856614,1872.3819324264355
World War II,360,Romania,220,France,1944,26.1025384,44.4267674,3.425488,46.131859,1780.2833608862165
World War II,360,Romania,220,France,1944,26.1025384,44.4267674,3.425488,46.131859,1780.2833608862165
World War II,360,Romania,375,Finland,1944,26.1025384,44.4267674,24.9383791,60.16985569999999,1754.2354366330114
World War II,360,Romania,325,Italy,1944,26.1025384,44.4267674,12.4963655,41.9027835,1138.4298301800789
World War II,360,Romania,360,Romania,1944,26.1025384,44.4267674,26.1025384,44.4267674,0
World War II,360,Romania,355,Bulgaria,1944,26.1025384,44.4267674,23.3218675,42.6977082,295.5345796444928
World War II,360,Romania,255,Germany,1944,26.1025384,44.4267674,13.404954,52.52000659999999,1296.4448828191162
World War II,360,Romania,255,Germany,1944,26.1025384,44.4267674,13.404954,52.52000659999999,1296.4448828191162
World War II,360,Romania,740,Japan,1944,26.1025384,44.4267674,139.6917064,35.6894875,8888.627507986312
World War II,360,Romania,740,Japan,1944,26.1025384,44.4267674,139.6917064,35.6894875,8888.627507986312
World War II,355,Bulgaria,310,Hungary,1944,23.3218675,42.6977082,19.040235,47.497912,631.2239685912388
World War II,355,Bulgaria,220,France,1944,23.3218675,42.6977082,2.3522219,48.856614,1759.2082372121904
World War II,355,Bulgaria,220,France,1944,23.3218675,42.6977082,2.3522219,48.856614,1759.2082372121904
World War II,355,Bulgaria,220,France,1944,23.3218675,42.6977082,3.425488,46.131859,1622.8866879796533
World War II,355,Bulgaria,220,France,1944,23.3218675,42.6977082,3.425488,46.131859,1622.8866879796533
World War II,355,Bulgaria,375,Finland,1944,23.3218675,42.6977082,24.9383791,60.16985569999999,1948.0789171732458
World War II,355,Bulgaria,325,Italy,1944,23.3218675,42.6977082,12.4963655,41.9027835,895.0766008079427
World War II,355,Bulgaria,360,Romania,1944,23.3218675,42.6977082,26.1025384,44.4267674,295.5345796444929
World War II,355,Bulgaria,355,Bulgaria,1944,23.3218675,42.6977082,23.3218675,42.6977082,0
World War II,355,Bulgaria,255,Germany,1944,23.3218675,42.6977082,13.404954,52.52000659999999,1320.0305415701546
World War II,355,Bulgaria,255,Germany,1944,23.3218675,42.6977082,13.404954,52.52000659999999,1320.0305415701546
World War II,355,Bulgaria,740,Japan,1944,23.3218675,42.6977082,139.6917064,35.6894875,9184.097268880594
World War II,355,Bulgaria,740,Japan,1944,23.3218675,42.6977082,139.6917064,35.6894875,9184.097268880594
World War II,350,Greece,310,Hungary,1940,23.7275388,37.9838096,19.040235,47.497912,1125.7518600490182
World War II,350,Greece,220,France,1940,23.7275388,37.9838096,2.3522219,48.856614,2098.196781183611
World War II,350,Greece,220,France,1940,23.7275388,37.9838096,2.3522219,48.856614,2098.196781183611
World War II,350,Greece,220,France,1940,23.7275388,37.9838096,3.425488,46.131859,1899.666077148047
World War II,350,Greece,220,France,1940,23.7275388,37.9838096,3.425488,46.131859,1899.666077148047
World War II,350,Greece,375,Finland,1940,23.7275388,37.9838096,24.9383791,60.16985569999999,2471.2176578638864
World War II,350,Greece,325,Italy,1940,23.7275388,37.9838096,12.4963655,41.9027835,1052.0430605490817
World War II,350,Greece,360,Romania,1940,23.7275388,37.9838096,26.1025384,44.4267674,744.2038487372478
World War II,350,Greece,355,Bulgaria,1940,23.7275388,37.9838096,23.3218675,42.6977082,525.8744697832816
World War II,350,Greece,255,Germany,1940,23.7275388,37.9838096,13.404954,52.52000659999999,1804.9059474303926
World War II,350,Greece,255,Germany,1940,23.7275388,37.9838096,13.404954,52.52000659999999,1804.9059474303926
World War II,350,Greece,740,Japan,1940,23.7275388,37.9838096,139.6917064,35.6894875,9515.788477511298
World War II,350,Greece,740,Japan,1940,23.7275388,37.9838096,139.6917064,35.6894875,9515.788477511298
World War II,350,Greece,310,Hungary,1940,23.7275388,37.9838096,19.040235,47.497912,1125.7518600490182
World War II,350,Greece,220,France,1940,23.7275388,37.9838096,2.3522219,48.856614,2098.196781183611
World War II,350,Greece,220,France,1940,23.7275388,37.9838096,2.3522219,48.856614,2098.196781183611
World War II,350,Greece,220,France,1940,23.7275388,37.9838096,3.425488,46.131859,1899.666077148047
World War II,350,Greece,220,France,1940,23.7275388,37.9838096,3.425488,46.131859,1899.666077148047
World War II,350,Greece,375,Finland,1940,23.7275388,37.9838096,24.9383791,60.16985569999999,2471.2176578638864
World War II,350,Greece,325,Italy,1940,23.7275388,37.9838096,12.4963655,41.9027835,1052.0430605490817
World War II,350,Greece,360,Romania,1940,23.7275388,37.9838096,26.1025384,44.4267674,744.2038487372478
World War II,350,Greece,355,Bulgaria,1940,23.7275388,37.9838096,23.3218675,42.6977082,525.8744697832816
World War II,350,Greece,255,Germany,1940,23.7275388,37.9838096,13.404954,52.52000659999999,1804.9059474303926
World War II,350,Greece,255,Germany,1940,23.7275388,37.9838096,13.404954,52.52000659999999,1804.9059474303926
World War II,350,Greece,740,Japan,1940,23.7275388,37.9838096,139.6917064,35.6894875,9515.788477511298
World War II,350,Greece,740,Japan,1940,23.7275388,37.9838096,139.6917064,35.6894875,9515.788477511298
World War II,140,Brazil,310,Hungary,1944,-43.1728965,-22.9068467,19.040235,47.497912,9998.601005048768
World War II,140,Brazil,220,France,1944,-43.1728965,-22.9068467,2.3522219,48.856614,9177.69331656817
World War II,140,Brazil,220,France,1944,-43.1728965,-22.9068467,2.3522219,48.856614,9177.69331656817
World War II,140,Brazil,220,France,1944,-43.1728965,-22.9068467,3.425488,46.131859,9006.751598365232
World War II,140,Brazil,220,France,1944,-43.1728965,-22.9068467,3.425488,46.131859,9006.751598365232
World War II,140,Brazil,375,Finland,1944,-43.1728965,-22.9068467,24.9383791,60.16985569999999,11087.893507365328
World War II,140,Brazil,325,Italy,1944,-43.1728965,-22.9068467,12.4963655,41.9027835,9208.522672321546
World War II,140,Brazil,360,Romania,1944,-43.1728965,-22.9068467,26.1025384,44.4267674,10271.863097410946
World War II,140,Brazil,355,Bulgaria,1944,-43.1728965,-22.9068467,23.3218675,42.6977082,9980.15433835772
World War II,140,Brazil,255,Germany,1944,-43.1728965,-22.9068467,13.404954,52.52000659999999,10019.7636311276
World War II,140,Brazil,255,Germany,1944,-43.1728965,-22.9068467,13.404954,52.52000659999999,10019.7636311276
World War II,140,Brazil,740,Japan,1944,-43.1728965,-22.9068467,139.6917064,35.6894875,18587.848079784417
World War II,140,Brazil,740,Japan,1944,-43.1728965,-22.9068467,139.6917064,35.6894875,18587.848079784417
World War II,325,Italy,310,Hungary,1943,12.4963655,41.9027835,19.040235,47.497912,809.3558446013415
World War II,325,Italy,220,France,1943,12.4963655,41.9027835,2.3522219,48.856614,1106.5175575620588
World War II,325,Italy,220,France,1943,12.4963655,41.9027835,2.3522219,48.856614,1106.5175575620588
World War II,325,Italy,220,France,1943,12.4963655,41.9027835,3.425488,46.131859,864.5734904590724
World War II,325,Italy,220,France,1943,12.4963655,41.9027835,3.425488,46.131859,864.5734904590724
World War II,325,Italy,375,Finland,1943,12.4963655,41.9027835,24.9383791,60.16985569999999,2203.559931418734
World War II,325,Italy,325,Italy,1943,12.4963655,41.9027835,12.4963655,41.9027835,0
World War II,325,Italy,360,Romania,1943,12.4963655,41.9027835,26.1025384,44.4267674,1138.4298301800789
World War II,325,Italy,355,Bulgaria,1943,12.4963655,41.9027835,23.3218675,42.6977082,895.0766008079427
World War II,325,Italy,255,Germany,1943,12.4963655,41.9027835,13.404954,52.52000659999999,1183.8734402302075
World War II,325,Italy,255,Germany,1943,12.4963655,41.9027835,13.404954,52.52000659999999,1183.8734402302075
World War II,325,Italy,740,Japan,1943,12.4963655,41.9027835,139.6917064,35.6894875,9864.448659230784
World War II,325,Italy,740,Japan,1943,12.4963655,41.9027835,139.6917064,35.6894875,9864.448659230784
World War II,900,Australia,310,Hungary,1939,149.1300092,-35.2809368,19.040235,47.497912,15735.285832703663
World War II,900,Australia,220,France,1939,149.1300092,-35.2809368,2.3522219,48.856614,16938.613100191775
World War II,900,Australia,220,France,1939,149.1300092,-35.2809368,2.3522219,48.856614,16938.613100191775
World War II,900,Australia,220,France,1939,149.1300092,-35.2809368,3.425488,46.131859,16931.70307647835
World War II,900,Australia,220,France,1939,149.1300092,-35.2809368,3.425488,46.131859,16931.70307647835
World War II,900,Australia,375,Finland,1939,149.1300092,-35.2809368,24.9383791,60.16985569999999,15231.154131167068
World War II,900,Australia,325,Italy,1939,149.1300092,-35.2809368,12.4963655,41.9027835,16234.54080607953
World War II,900,Australia,360,Romania,1939,149.1300092,-35.2809368,26.1025384,44.4267674,15164.438358950767
World War II,900,Australia,355,Bulgaria,1939,149.1300092,-35.2809368,23.3218675,42.6977082,15357.812297542387
World War II,900,Australia,255,Germany,1939,149.1300092,-35.2809368,13.404954,52.52000659999999,16084.463120377484
World War II,900,Australia,255,Germany,1939,149.1300092,-35.2809368,13.404954,52.52000659999999,16084.463120377484
World War II,900,Australia,740,Japan,1939,149.1300092,-35.2809368,139.6917064,35.6894875,7960.849253158089
World War II,900,Australia,740,Japan,1939,149.1300092,-35.2809368,139.6917064,35.6894875,7960.849253158089
World War II,920,New Zealand,310,Hungary,1939,174.776236,-41.2864603,19.040235,47.497912,17997.458106300735
World War II,920,New Zealand,220,France,1939,174.776236,-41.2864603,2.3522219,48.856614,19006.705124564658
World War II,920,New Zealand,220,France,1939,174.776236,-41.2864603,2.3522219,48.856614,19006.705124564658
World War II,920,New Zealand,220,France,1939,174.776236,-41.2864603,3.425488,46.131859,19157.8388708477
World War II,920,New Zealand,220,France,1939,174.776236,-41.2864603,3.425488,46.131859,19157.8388708477
World War II,920,New Zealand,375,Finland,1939,174.776236,-41.2864603,24.9383791,60.16985569999999,17096.670923892052
World War II,920,New Zealand,325,Italy,1939,174.776236,-41.2864603,12.4963655,41.9027835,18563.312261078794
World War II,920,New Zealand,360,Romania,1939,174.776236,-41.2864603,26.1025384,44.4267674,17473.321722228065
World War II,920,New Zealand,355,Bulgaria,1939,174.776236,-41.2864603,23.3218675,42.6977082,17681.764835197195
World War II,920,New Zealand,255,Germany,1939,174.776236,-41.2864603,13.404954,52.52000659999999,18157.807229140642
World War II,920,New Zealand,255,Germany,1939,174.776236,-41.2864603,13.404954,52.52000659999999,18157.807229140642
World War II,920,New Zealand,740,Japan,1939,174.776236,-41.2864603,139.6917064,35.6894875,9287.030474614125
World War II,920,New Zealand,740,Japan,1939,174.776236,-41.2864603,139.6917064,35.6894875,9287.030474614125
World War II,365,USSR,310,Hungary,1941,37.6172999,55.755826,19.040235,47.497912,1570.9016258829574
World War II,365,USSR,220,France,1941,37.6172999,55.755826,2.3522219,48.856614,2489.031427996945
World War II,365,USSR,220,France,1941,37.6172999,55.755826,2.3522219,48.856614,2489.031427996945
World War II,365,USSR,220,France,1941,37.6172999,55.755826,3.425488,46.131859,2592.4795556810645
World War II,365,USSR,220,France,1941,37.6172999,55.755826,3.425488,46.131859,2592.4795556810645
World War II,365,USSR,375,Finland,1941,37.6172999,55.755826,24.9383791,60.16985569999999,893.2898620912541
World War II,365,USSR,325,Italy,1941,37.6172999,55.755826,12.4963655,41.9027835,2377.9949611543743
World War II,365,USSR,360,Romania,1941,37.6172999,55.755826,26.1025384,44.4267674,1501.2542564739865
World War II,365,USSR,355,Bulgaria,1941,37.6172999,55.755826,23.3218675,42.6977082,1779.4043055551765
World War II,365,USSR,255,Germany,1941,37.6172999,55.755826,13.404954,52.52000659999999,1610.6363318969086
World War II,365,USSR,255,Germany,1941,37.6172999,55.755826,13.404954,52.52000659999999,1610.6363318969086
World War II,365,USSR,740,Japan,1941,37.6172999,55.755826,139.6917064,35.6894875,7486.61814725538
World War II,365,USSR,740,Japan,1941,37.6172999,55.755826,139.6917064,35.6894875,7486.61814725538
World War II,290,Poland,310,Hungary,1939,21.0122287,52.2296756,19.040235,47.497912,545.3581162693218
World War II,290,Poland,220,France,1939,21.0122287,52.2296756,2.3522219,48.856614,1368.080232615614
World War II,290,Poland,220,France,1939,21.0122287,52.2296756,2.3522219,48.856614,1368.080232615614
World War II,290,Poland,220,France,1939,21.0122287,52.2296756,3.425488,46.131859,1443.3816300624858
World War II,290,Poland,220,France,1939,21.0122287,52.2296756,3.425488,46.131859,1443.3816300624858
World War II,290,Poland,375,Finland,1939,21.0122287,52.2296756,24.9383791,60.16985569999999,916.3204075302011
World War II,290,Poland,325,Italy,1939,21.0122287,52.2296756,12.4963655,41.9027835,1316.448301107291
World War II,290,Poland,360,Romania,1939,21.0122287,52.2296756,26.1025384,44.4267674,946.2169981282017
World War II,290,Poland,355,Bulgaria,1939,21.0122287,52.2296756,23.3218675,42.6977082,1075.0871467084548
World War II,290,Poland,255,Germany,1939,21.0122287,52.2296756,13.404954,52.52000659999999,517.7566749207152
World War II,290,Poland,255,Germany,1939,21.0122287,52.2296756,13.404954,52.52000659999999,517.7566749207152
World War II,290,Poland,740,Japan,1939,21.0122287,52.2296756,139.6917064,35.6894875,8588.180964070538
World War II,290,Poland,740,Japan,1939,21.0122287,52.2296756,139.6917064,35.6894875,8588.180964070538
World War II,290,Poland,310,Hungary,1939,21.0122287,52.2296756,19.040235,47.497912,545.3581162693218
World War II,290,Poland,220,France,1939,21.0122287,52.2296756,2.3522219,48.856614,1368.080232615614
World War II,290,Poland,220,France,1939,21.0122287,52.2296756,2.3522219,48.856614,1368.080232615614
World War II,290,Poland,220,France,1939,21.0122287,52.2296756,3.425488,46.131859,1443.3816300624858
World War II,290,Poland,220,France,1939,21.0122287,52.2296756,3.425488,46.131859,1443.3816300624858
World War II,290,Poland,375,Finland,1939,21.0122287,52.2296756,24.9383791,60.16985569999999,916.3204075302011
World War II,290,Poland,325,Italy,1939,21.0122287,52.2296756,12.4963655,41.9027835,1316.448301107291
World War II,290,Poland,360,Romania,1939,21.0122287,52.2296756,26.1025384,44.4267674,946.2169981282017
World War II,290,Poland,355,Bulgaria,1939,21.0122287,52.2296756,23.3218675,42.6977082,1075.0871467084548
World War II,290,Poland,255,Germany,1939,21.0122287,52.2296756,13.404954,52.52000659999999,517.7566749207152
World War II,290,Poland,255,Germany,1939,21.0122287,52.2296756,13.404954,52.52000659999999,517.7566749207152
World War II,290,Poland,740,Japan,1939,21.0122287,52.2296756,139.6917064,35.6894875,8588.180964070538
World War II,290,Poland,740,Japan,1939,21.0122287,52.2296756,139.6917064,35.6894875,8588.180964070538
World War II,220,France,310,Hungary,1939,2.3522219,48.856614,19.040235,47.497912,1245.40878522521
World War II,220,France,220,France,1939,2.3522219,48.856614,2.3522219,48.856614,0
World War II,220,France,220,France,1939,2.3522219,48.856614,2.3522219,48.856614,0
World War II,220,France,220,France,1939,2.3522219,48.856614,3.425488,46.131859,313.8675984151061
World War II,220,France,220,France,1939,2.3522219,48.856614,3.425488,46.131859,313.8675984151061
World War II,220,France,375,Finland,1939,2.3522219,48.856614,24.9383791,60.16985569999999,1910.6051065027486
World War II,220,France,325,Italy,1939,2.3522219,48.856614,12.4963655,41.9027835,1106.5175575620585
World War II,220,France,360,Romania,1939,2.3522219,48.856614,26.1025384,44.4267674,1872.3819324264355
World War II,220,France,355,Bulgaria,1939,2.3522219,48.856614,23.3218675,42.6977082,1759.2082372121904
World War II,220,France,255,Germany,1939,2.3522219,48.856614,13.404954,52.52000659999999,878.4415314214282
World War II,220,France,255,Germany,1939,2.3522219,48.856614,13.404954,52.52000659999999,878.4415314214282
World War II,220,France,740,Japan,1939,2.3522219,48.856614,139.6917064,35.6894875,9722.950244432068
World War II,220,France,740,Japan,1939,2.3522219,48.856614,139.6917064,35.6894875,9722.950244432068
World War II,220,France,310,Hungary,1939,2.3522219,48.856614,19.040235,47.497912,1245.40878522521
World War II,220,France,220,France,1939,2.3522219,48.856614,2.3522219,48.856614,0
World War II,220,France,220,France,1939,2.3522219,48.856614,2.3522219,48.856614,0
World War II,220,France,220,France,1939,2.3522219,48.856614,3.425488,46.131859,313.8675984151061
World War II,220,France,220,France,1939,2.3522219,48.856614,3.425488,46.131859,313.8675984151061
World War II,220,France,375,Finland,1939,2.3522219,48.856614,24.9383791,60.16985569999999,1910.6051065027486
World War II,220,France,325,Italy,1939,2.3522219,48.856614,12.4963655,41.9027835,1106.5175575620585
World War II,220,France,360,Romania,1939,2.3522219,48.856614,26.1025384,44.4267674,1872.3819324264355
World War II,220,France,355,Bulgaria,1939,2.3522219,48.856614,23.3218675,42.6977082,1759.2082372121904
World War II,220,France,255,Germany,1939,2.3522219,48.856614,13.404954,52.52000659999999,878.4415314214282
World War II,220,France,255,Germany,1939,2.3522219,48.856614,13.404954,52.52000659999999,878.4415314214282
World War II,220,France,740,Japan,1939,2.3522219,48.856614,139.6917064,35.6894875,9722.950244432068
World War II,220,France,740,Japan,1939,2.3522219,48.856614,139.6917064,35.6894875,9722.950244432068
World War II,712,Mongolia,310,Hungary,1945,106.9057439,47.88639879999999,19.040235,47.497912,6198.526239436803
World War II,712,Mongolia,220,France,1945,106.9057439,47.88639879999999,2.3522219,48.856614,7057.615172727854
World War II,712,Mongolia,220,France,1945,106.9057439,47.88639879999999,2.3522219,48.856614,7057.615172727854
World War II,712,Mongolia,220,France,1945,106.9057439,47.88639879999999,3.425488,46.131859,7208.634761933532
World War II,712,Mongolia,220,France,1945,106.9057439,47.88639879999999,3.425488,46.131859,7208.634761933532
World War II,712,Mongolia,375,Finland,1945,106.9057439,47.88639879999999,24.9383791,60.16985569999999,5160.6204608697135
World War II,712,Mongolia,325,Italy,1945,106.9057439,47.88639879999999,12.4963655,41.9027835,6991.114299005103
World War II,712,Mongolia,360,Romania,1945,106.9057439,47.88639879999999,26.1025384,44.4267674,5947.744906483736
World War II,712,Mongolia,355,Bulgaria,1945,106.9057439,47.88639879999999,23.3218675,42.6977082,6242.110904455039
World War II,712,Mongolia,255,Germany,1945,106.9057439,47.88639879999999,13.404954,52.52000659999999,6198.659566180299
World War II,712,Mongolia,255,Germany,1945,106.9057439,47.88639879999999,13.404954,52.52000659999999,6198.659566180299
World War II,712,Mongolia,740,Japan,1945,106.9057439,47.88639879999999,139.6917064,35.6894875,3010.4487744079743
World War II,712,Mongolia,740,Japan,1945,106.9057439,47.88639879999999,139.6917064,35.6894875,3010.4487744079743
World War II,710,China,310,Hungary,1941,116.4073963,39.90419989999999,19.040235,47.497912,7348.776260735511
World War II,710,China,220,France,1941,116.4073963,39.90419989999999,2.3522219,48.856614,8226.189475955256
World War II,710,China,220,France,1941,116.4073963,39.90419989999999,2.3522219,48.856614,8226.189475955256
World War II,710,China,220,France,1941,116.4073963,39.90419989999999,3.425488,46.131859,8374.683672566322
World War II,710,China,220,France,1941,116.4073963,39.90419989999999,3.425488,46.131859,8374.683672566322
World War II,710,China,375,Finland,1941,116.4073963,39.90419989999999,24.9383791,60.16985569999999,6329.324446783759
World War II,710,China,325,Italy,1941,116.4073963,39.90419989999999,12.4963655,41.9027835,8134.29081702683
World War II,710,China,360,Romania,1941,116.4073963,39.90419989999999,26.1025384,44.4267674,7069.218749364638
World War II,710,China,355,Bulgaria,1941,116.4073963,39.90419989999999,23.3218675,42.6977082,7361.453525356664
World War II,710,China,255,Germany,1941,116.4073963,39.90419989999999,13.404954,52.52000659999999,7365.794992030658
World War II,710,China,255,Germany,1941,116.4073963,39.90419989999999,13.404954,52.52000659999999,7365.794992030658
World War II,710,China,740,Japan,1941,116.4073963,39.90419989999999,139.6917064,35.6894875,2094.741630041268
World War II,710,China,740,Japan,1941,116.4073963,39.90419989999999,139.6917064,35.6894875,2094.741630041268
World War II,560,South Africa,310,Hungary,1939,28.2292712,-25.7478676,19.040235,47.497912,8205.63775668928
World War II,560,South Africa,220,France,1939,28.2292712,-25.7478676,2.3522219,48.856614,8694.990949963794
World War II,560,South Africa,220,France,1939,28.2292712,-25.7478676,2.3522219,48.856614,8694.990949963794
World War II,560,South Africa,220,France,1939,28.2292712,-25.7478676,3.425488,46.131859,8384.516612942265
World War II,560,South Africa,220,France,1939,28.2292712,-25.7478676,3.425488,46.131859,8384.516612942265
World War II,560,South Africa,375,Finland,1939,28.2292712,-25.7478676,24.9383791,60.16985569999999,9569.041511137972
World War II,560,South Africa,325,Italy,1939,28.2292712,-25.7478676,12.4963655,41.9027835,7703.0983845109995
World War II,560,South Africa,360,Romania,1939,28.2292712,-25.7478676,26.1025384,44.4267674,7814.808402599355
World War II,560,South Africa,355,Bulgaria,1939,28.2292712,-25.7478676,23.3218675,42.6977082,7635.9591762991595
World War II,560,South Africa,255,Germany,1939,28.2292712,-25.7478676,13.404954,52.52000659999999,8831.354069471021
World War II,560,South Africa,255,Germany,1939,28.2292712,-25.7478676,13.404954,52.52000659999999,8831.354069471021
World War II,560,South Africa,740,Japan,1939,28.2292712,-25.7478676,139.6917064,35.6894875,13514.866892891947
World War II,560,South Africa,740,Japan,1939,28.2292712,-25.7478676,139.6917064,35.6894875,13514.866892891947
World War II,530,Ethiopia,310,Hungary,1941,38.7577605,8.9806034,19.040235,47.497912,4674.010991682558
World War II,530,Ethiopia,220,France,1941,38.7577605,8.9806034,2.3522219,48.856614,5584.1608399564
World War II,530,Ethiopia,220,France,1941,38.7577605,8.9806034,2.3522219,48.856614,5584.1608399564
World War II,530,Ethiopia,220,France,1941,38.7577605,8.9806034,3.425488,46.131859,5327.563466784008
World War II,530,Ethiopia,220,France,1941,38.7577605,8.9806034,3.425488,46.131859,5327.563466784008
World War II,530,Ethiopia,375,Finland,1941,38.7577605,8.9806034,24.9383791,60.16985569999999,5813.939395513277
World War II,530,Ethiopia,325,Italy,1941,38.7577605,8.9806034,12.4963655,41.9027835,4477.668564445754
World War II,530,Ethiopia,360,Romania,1941,38.7577605,8.9806034,26.1025384,44.4267674,4130.58604393401
World War II,530,Ethiopia,355,Bulgaria,1941,38.7577605,8.9806034,23.3218675,42.6977082,4044.3981102303596
World War II,530,Ethiopia,255,Germany,1941,38.7577605,8.9806034,13.404954,52.52000659999999,5361.469381476
World War II,530,Ethiopia,255,Germany,1941,38.7577605,8.9806034,13.404954,52.52000659999999,5361.469381476
World War II,530,Ethiopia,740,Japan,1941,38.7577605,8.9806034,139.6917064,35.6894875,10408.688060830726
World War II,530,Ethiopia,740,Japan,1941,38.7577605,8.9806034,139.6917064,35.6894875,10408.688060830726
World War II,530,Ethiopia,310,Hungary,1941,38.7577605,8.9806034,19.040235,47.497912,4674.010991682558
World War II,530,Ethiopia,220,France,1941,38.7577605,8.9806034,2.3522219,48.856614,5584.1608399564
World War II,530,Ethiopia,220,France,1941,38.7577605,8.9806034,2.3522219,48.856614,5584.1608399564
World War II,530,Ethiopia,220,France,1941,38.7577605,8.9806034,3.425488,46.131859,5327.563466784008
World War II,530,Ethiopia,220,France,1941,38.7577605,8.9806034,3.425488,46.131859,5327.563466784008
World War II,530,Ethiopia,375,Finland,1941,38.7577605,8.9806034,24.9383791,60.16985569999999,5813.939395513277
World War II,530,Ethiopia,325,Italy,1941,38.7577605,8.9806034,12.4963655,41.9027835,4477.668564445754
World War II,530,Ethiopia,360,Romania,1941,38.7577605,8.9806034,26.1025384,44.4267674,4130.58604393401
World War II,530,Ethiopia,355,Bulgaria,1941,38.7577605,8.9806034,23.3218675,42.6977082,4044.3981102303596
World War II,530,Ethiopia,255,Germany,1941,38.7577605,8.9806034,13.404954,52.52000659999999,5361.469381476
World War II,530,Ethiopia,255,Germany,1941,38.7577605,8.9806034,13.404954,52.52000659999999,5361.469381476
World War II,530,Ethiopia,740,Japan,1941,38.7577605,8.9806034,139.6917064,35.6894875,10408.688060830726
World War II,530,Ethiopia,740,Japan,1941,38.7577605,8.9806034,139.6917064,35.6894875,10408.688060830726
Russo-Finnish,365,USSR,375,Finland,1939,37.6172999,55.755826,24.9383791,60.16985569999999,893.2898620912541
Franco-Thai,800,Thailand,220,France,1940,100.5017651,13.7563309,2.3522219,48.856614,9453.673745212653
Franco-Thai,800,Thailand,220,France,1940,100.5017651,13.7563309,2.3522219,48.856614,9453.673745212653
Franco-Thai,800,Thailand,220,France,1940,100.5017651,13.7563309,3.425488,46.131859,9453.476502291209
Franco-Thai,800,Thailand,220,France,1940,100.5017651,13.7563309,3.425488,46.131859,9453.476502291209
First Kashmir,750,India,770,Pakistan,1947,77.2090212,28.6139391,67.2847875,25.0700428,1061.249181372257
Arab-Israeli,666,Israel,651,Egypt,1948,35.21371,31.768319,31.2357116,30.0444196,425.61895429310886
Arab-Israeli,666,Israel,651,Egypt,1948,35.21371,31.768319,31.2357116,30.0444196,425.61895429310886
Arab-Israeli,666,Israel,652,Syria,1948,35.21371,31.768319,36.2765279,33.5138073,218.3549068276976
Arab-Israeli,666,Israel,652,Syria,1948,35.21371,31.768319,36.2765279,33.5138073,218.3549068276976
Arab-Israeli,666,Israel,660,Lebanon,1948,35.21371,31.768319,35.5017767,33.8937913,238.13546531196326
Arab-Israeli,666,Israel,663,Jordan,1948,35.21371,31.768319,35.9283716,31.9453666,70.38765469748883
Arab-Israeli,666,Israel,645,Iraq,1948,35.21371,31.768319,44.3614875,33.3128057,875.1919025532321
Korean,211,Belgium,710,China,1951,4.3517211,50.8503463,116.4073963,39.90419989999999,7970.655150605447
Korean,211,Belgium,731,North Korea,1951,4.3517211,50.8503463,125.7625241,39.0392193,8519.650755056417
Korean,211,Belgium,710,China,1951,4.3517211,50.8503463,116.4073963,39.90419989999999,7970.655150605447
Korean,211,Belgium,731,North Korea,1951,4.3517211,50.8503463,125.7625241,39.0392193,8519.650755056417
Korean,20,Canada,710,China,1950,-75.69719309999999,45.4215296,116.4073963,39.90419989999999,10462.518622430125
Korean,20,Canada,731,North Korea,1950,-75.69719309999999,45.4215296,125.7625241,39.0392193,10393.583919338396
Korean,100,Colombia,710,China,1951,-74.072092,4.710988599999999,116.4073963,39.90419989999999,14956.202362076974
Korean,100,Colombia,731,North Korea,1951,-74.072092,4.710988599999999,125.7625241,39.0392193,14757.181291724797
Korean,200,United Kingdom,710,China,1950,-0.1277583,51.5073509,116.4073963,39.90419989999999,8150.178492869188
Korean,200,United Kingdom,731,North Korea,1950,-0.1277583,51.5073509,125.7625241,39.0392193,8672.11005951092
Korean,210,Netherlands,710,China,1951,4.895167900000001,52.3702157,116.4073963,39.90419989999999,7831.119968094723
Korean,210,Netherlands,731,North Korea,1951,4.895167900000001,52.3702157,125.7625241,39.0392193,8370.72671287145
Korean,210,Netherlands,710,China,1951,4.895167900000001,52.3702157,116.4073963,39.90419989999999,7831.119968094723
Korean,210,Netherlands,731,North Korea,1951,4.895167900000001,52.3702157,125.7625241,39.0392193,8370.72671287145
Korean,350,Greece,710,China,1951,23.7275388,37.9838096,116.4073963,39.90419989999999,7625.13370719562
Korean,350,Greece,731,North Korea,1951,23.7275388,37.9838096,125.7625241,39.0392193,8341.245887903067
Korean,350,Greece,710,China,1951,23.7275388,37.9838096,116.4073963,39.90419989999999,7625.13370719562
Korean,350,Greece,731,North Korea,1951,23.7275388,37.9838096,125.7625241,39.0392193,8341.245887903067
Korean,220,France,710,China,1951,2.3522219,48.856614,116.4073963,39.90419989999999,8226.189475955256
Korean,220,France,731,North Korea,1951,2.3522219,48.856614,125.7625241,39.0392193,8780.471467778842
Korean,220,France,710,China,1951,2.3522219,48.856614,116.4073963,39.90419989999999,8226.189475955256
Korean,220,France,731,North Korea,1951,2.3522219,48.856614,125.7625241,39.0392193,8780.471467778842
Korean,640,Turkey,710,China,1950,32.8597419,39.9333635,116.4073963,39.90419989999999,6840.895255211351
Korean,640,Turkey,731,North Korea,1950,32.8597419,39.9333635,125.7625241,39.0392193,7572.94290578652
Korean,840,Philippines,710,China,1950,121.0437003,14.6760413,116.4073963,39.90419989999999,2844.5054839464183
Korean,840,Philippines,731,North Korea,1950,121.0437003,14.6760413,125.7625241,39.0392193,2751.2098819886064
Korean,800,Thailand,710,China,1951,100.5017651,13.7563309,116.4073963,39.90419989999999,3299.733150547786
Korean,800,Thailand,731,North Korea,1951,100.5017651,13.7563309,125.7625241,39.0392193,3750.1660502472996
Korean,530,Ethiopia,710,China,1951,38.7577605,8.9806034,116.4073963,39.90419989999999,8326.586928349214
Korean,530,Ethiopia,731,North Korea,1951,38.7577605,8.9806034,125.7625241,39.0392193,9133.125271813768
Korean,530,Ethiopia,710,China,1951,38.7577605,8.9806034,116.4073963,39.90419989999999,8326.586928349214
Korean,530,Ethiopia,731,North Korea,1951,38.7577605,8.9806034,125.7625241,39.0392193,9133.125271813768
Korean,900,Australia,710,China,1950,149.1300092,-35.2809368,116.4073963,39.90419989999999,9017.65889188904
Korean,900,Australia,731,North Korea,1950,149.1300092,-35.2809368,125.7625241,39.0392193,8615.38882201509
Korean,732,South Korea,710,China,1950,126.9779692,37.566535,116.4073963,39.90419989999999,953.3910142350747
Korean,732,South Korea,731,North Korea,1950,126.9779692,37.566535,125.7625241,39.0392193,195.31431235388862
Korean,2,United States of America,710,China,1950,-77.0368707,38.9071923,116.4073963,39.90419989999999,11158.077102047679
Korean,2,United States of America,731,North Korea,1950,-77.0368707,38.9071923,125.7625241,39.0392193,11054.014236415498
Off-shore Islands,710,China,713,Taiwan,1954,116.4073963,39.90419989999999,121.5654177,25.0329694,1724.0194869004247
Sinai War,220,France,651,Egypt,1956,2.3522219,48.856614,31.2357116,30.0444196,3213.6054139194885
Sinai War,220,France,651,Egypt,1956,2.3522219,48.856614,31.2357116,30.0444196,3213.6054139194885
Sinai War,220,France,651,Egypt,1956,2.3522219,48.856614,31.2357116,30.0444196,3213.6054139194885
Sinai War,220,France,651,Egypt,1956,2.3522219,48.856614,31.2357116,30.0444196,3213.6054139194885
Sinai War,666,Israel,651,Egypt,1956,35.21371,31.768319,31.2357116,30.0444196,425.61895429310886
Sinai War,666,Israel,651,Egypt,1956,35.21371,31.768319,31.2357116,30.0444196,425.61895429310886
Sinai War,200,United Kingdom,651,Egypt,1956,-0.1277583,51.5073509,31.2357116,30.0444196,3515.2389211445907
Sinai War,200,United Kingdom,651,Egypt,1956,-0.1277583,51.5073509,31.2357116,30.0444196,3515.2389211445907
Soviet Invasion of Hungary,365,USSR,310,Hungary,1956,37.6172999,55.755826,19.040235,47.497912,1570.9016258829574
IfniWar,220,France,600,Morocco,1958,2.3522219,48.856614,-6.8498129,33.9715904,1823.2172315632988
IfniWar,220,France,600,Morocco,1958,2.3522219,48.856614,-6.8498129,33.9715904,1823.2172315632988
IfniWar,220,France,600,Morocco,1958,2.3522219,48.856614,-6.8498129,33.9715904,1823.2172315632988
IfniWar,220,France,600,Morocco,1958,2.3522219,48.856614,-6.8498129,33.9715904,1823.2172315632988
IfniWar,230,Spain,600,Morocco,1957,-3.7037902,40.4167754,-6.8498129,33.9715904,769.6538369828452
IfniWar,230,Spain,600,Morocco,1957,-3.7037902,40.4167754,-6.8498129,33.9715904,769.6538369828452
Taiwan Straits,710,China (PRC),713,Taiwan (ROC),1958,116.4073963,39.90419989999999,121.5654177,25.0329694,1724.0194869004247
Assam,710,China (PRC),750,India,1962,116.4073963,39.90419989999999,77.2090212,28.6139391,3784.1335129706144
"Vietnam War, Phase 2",816,Vietnam,2,United States of America,1965,105.8341598,21.0277644,-77.0368707,38.9071923,13358.862601467225
"Vietnam War, Phase 2",816,Vietnam,811,Cambodia,1965,105.8341598,21.0277644,104.8921668,11.5448729,1060.4047682190628
"Vietnam War, Phase 2",816,Vietnam,732,South Korea,1965,105.8341598,21.0277644,126.9779692,37.566535,2744.8523042883635
"Vietnam War, Phase 2",816,Vietnam,840,Philippines,1965,105.8341598,21.0277644,121.0437003,14.6760413,1758.4825667482176
"Vietnam War, Phase 2",816,Vietnam,817,South Vietnam,1965,105.8341598,21.0277644,106.6296638,10.8230989,1139.1549993537974
"Vietnam War, Phase 2",816,Vietnam,800,Thailand,1965,105.8341598,21.0277644,100.5017651,13.7563309,987.6804686948655
"Vietnam War, Phase 2",816,Vietnam,900,Australia,1965,105.8341598,21.0277644,149.1300092,-35.2809368,7756.303041262534
Second Kashmir,770,Pakistan,750,India,1965,73.0169135,33.5651107,77.2090212,28.6139391,680.6310839420148
Six Day War,666,Israel,651,Egypt,1967,35.21371,31.768319,31.2357116,30.0444196,425.61895429310886
Six Day War,666,Israel,651,Egypt,1967,35.21371,31.768319,31.2357116,30.0444196,425.61895429310886
Six Day War,666,Israel,663,Jordan,1967,35.21371,31.768319,35.9283716,31.9453666,70.38765469748883
Six Day War,666,Israel,652,Syria,1967,35.21371,31.768319,36.2765279,33.5138073,218.3549068276976
Six Day War,666,Israel,652,Syria,1967,35.21371,31.768319,36.2765279,33.5138073,218.3549068276976
"Second Laotian, Phase 2",816,Vietnam,2,United States of America,1968,105.8341598,21.0277644,-77.0368707,38.9071923,13358.862601467225
"Second Laotian, Phase 2",816,Vietnam,800,Thailand,1968,105.8341598,21.0277644,100.5017651,13.7563309,987.6804686948655
"Second Laotian, Phase 2",816,Vietnam,812,Laos,1968,105.8341598,21.0277644,102.6331035,17.9757058,477.72321089541447
War of Attrition,666,Israel,651,Egypt,1969,35.21371,31.768319,31.2357116,30.0444196,425.61895429310886
War of Attrition,666,Israel,651,Egypt,1969,35.21371,31.768319,31.2357116,30.0444196,425.61895429310886
Football War,92,El Salvador,91,Honduras,1969,-89.2181911,13.6929403,-87.19213599999999,14.0722751,222.98500819207197
Communist Coalition,816,Vietnam,2,United States of America,1970,105.8341598,21.0277644,-77.0368707,38.9071923,13358.862601467225
Communist Coalition,816,Vietnam,811,Cambodia,1970,105.8341598,21.0277644,104.8921668,11.5448729,1060.4047682190628
Communist Coalition,816,Vietnam,817,South Vietnam,1970,105.8341598,21.0277644,106.6296638,10.8230989,1139.1549993537974
Bangladesh,750,India,770,Pakistan,1971,77.2090212,28.6139391,73.2293542,33.6600365,677.5802354631095
Yom Kippur War,666,Israel,651,Egypt,1973,35.21371,31.768319,31.2357116,30.0444196,425.61895429310886
Yom Kippur War,666,Israel,651,Egypt,1973,35.21371,31.768319,31.2357116,30.0444196,425.61895429310886
Yom Kippur War,666,Israel,670,Saudi Arabia,1973,35.21371,31.768319,46.6752957,24.7135517,1369.761253910338
Yom Kippur War,666,Israel,663,Jordan,1973,35.21371,31.768319,35.9283716,31.9453666,70.38765469748883
Yom Kippur War,666,Israel,652,Syria,1973,35.21371,31.768319,36.2765279,33.5138073,218.3549068276976
Yom Kippur War,666,Israel,652,Syria,1973,35.21371,31.768319,36.2765279,33.5138073,218.3549068276976
Yom Kippur War,666,Israel,645,Iraq,1973,35.21371,31.768319,44.3614875,33.3128057,875.1919025532321
Turco-Cypriot,640,Turkey,352,Cyprus,1974,32.8597419,39.9333635,33.38227639999999,35.1855659,530.52690960894
War over Angola,40,Cuba,560,South Africa,1975,-82.3665956,23.1135925,28.2292712,-25.7478676,13081.45064903485
War over Angola,40,Cuba,490,Democratic Republic of the Congo,1975,-82.3665956,23.1135925,15.2662931,-4.4419311,10993.288935696684
War over Angola,40,Cuba,560,South Africa,1975,-82.3665956,23.1135925,28.2292712,-25.7478676,13081.45064903485
War over Angola,40,Cuba,490,Democratic Republic of the Congo,1975,-82.3665956,23.1135925,15.2662931,-4.4419311,10993.288935696684
War over Angola,540,Angola,560,South Africa,1975,13.2894368,-8.839987599999999,28.2292712,-25.7478676,2457.4494032558464
War over Angola,540,Angola,490,Democratic Republic of the Congo,1975,13.2894368,-8.839987599999999,15.2662931,-4.4419311,536.146611364584
"Second Ogaden War, Phase 2",530,Ethiopia,520,Somalia,1977,38.7577605,8.9806034,45.3181623,2.0469343,1059.9541149963943
"Second Ogaden War, Phase 2",530,Ethiopia,520,Somalia,1977,38.7577605,8.9806034,45.3181623,2.0469343,1059.9541149963943
"Second Ogaden War, Phase 2",40,Cuba,520,Somalia,1977,-82.3665956,23.1135925,45.3181623,2.0469343,13716.86225484001
"Second Ogaden War, Phase 2",40,Cuba,520,Somalia,1977,-82.3665956,23.1135925,45.3181623,2.0469343,13716.86225484001
Vietnamese-Cambodian,816,Vietnam,811,Cambodia,1977,105.8341598,21.0277644,104.8921668,11.5448729,1060.4047682190628
Ugandian-Tanzanian,510,Tanzania,500,Uganda,1978,35.7516069,-6.162959000000001,32.5825197,0.3475964,805.7695902611338
Ugandian-Tanzanian,510,Tanzania,620,Libya,1978,35.7516069,-6.162959000000001,13.1913383,32.8872094,4958.669121508912
Sino-Vietnamese Punitive,710,China,816,Vietnam,1979,116.4073963,39.90419989999999,105.8341598,21.0277644,2329.1395536546165
Iran-Iraq,630,Iran,645,Iraq,1980,51.3889736,35.6891975,44.3614875,33.3128057,696.6429054999193
Falkland Islands,200,United Kingdom,160,Argentina,1982,-0.1277583,51.5073509,-58.3815591,-34.6036844,11140.256097762596
War over Lebanon,666,Israel,652,Syria,1982,35.21371,31.768319,36.2765279,33.5138073,218.3549068276976
War over Lebanon,666,Israel,652,Syria,1982,35.21371,31.768319,36.2765279,33.5138073,218.3549068276976
War over the Aouzou Strip,483,Chad,620,Libya,1986,15.0557415,12.1348457,13.1913383,32.8872094,2317.9531287473164
Sino-Vietnamese Border War,710,China,816,Vietnam,1987,116.4073963,39.90419989999999,105.8341598,21.0277644,2329.1395536546165
Gulf War,690,Kuwait,645,Iraq,1990,47.9774052,29.375859,44.3614875,33.3128057,556.9060689504553
Gulf War,2,United States of America,645,Iraq,1991,-77.0368707,38.9071923,44.3614875,33.3128057,9979.589875828704
Gulf War,20,Canada,645,Iraq,1991,-75.69719309999999,45.4215296,44.3614875,33.3128057,9396.54430774911
Gulf War,200,United Kingdom,645,Iraq,1991,-0.1277583,51.5073509,44.3614875,33.3128057,4094.5513893919797
Gulf War,325,Italy,645,Iraq,1991,12.4963655,41.9027835,44.3614875,33.3128057,2948.3771601411395
Gulf War,600,Morocco,645,Iraq,1991,-6.8498129,33.9715904,44.3614875,33.3128057,4695.382429361341
Gulf War,600,Morocco,645,Iraq,1991,-6.8498129,33.9715904,44.3614875,33.3128057,4695.382429361341
Gulf War,651,Egypt,645,Iraq,1991,31.2357116,30.0444196,44.3614875,33.3128057,1294.5197944573958
Gulf War,651,Egypt,645,Iraq,1991,31.2357116,30.0444196,44.3614875,33.3128057,1294.5197944573958
Gulf War,698,Oman,645,Iraq,1991,58.4059227,23.58589,44.3614875,33.3128057,1746.7999131119395
Gulf War,220,France,645,Iraq,1991,2.3522219,48.856614,44.3614875,33.3128057,3862.8500839035682
Gulf War,220,France,645,Iraq,1991,2.3522219,48.856614,44.3614875,33.3128057,3862.8500839035682
Gulf War,696,United Arab Emirates,645,Iraq,1991,54.3773438,24.453884,44.3614875,33.3128057,1386.1526314690418
Gulf War,694,Qatar,645,Iraq,1991,51.53103979999999,25.2854473,44.3614875,33.3128057,1131.9295614120908
Gulf War,670,Saudi Arabia,645,Iraq,1991,46.6752957,24.7135517,44.3614875,33.3128057,983.3145612540604
Gulf War,652,Syria,645,Iraq,1991,36.2765279,33.5138073,44.3614875,33.3128057,751.4024152729874
Gulf War,652,Syria,645,Iraq,1991,36.2765279,33.5138073,44.3614875,33.3128057,751.4024152729874
Bosnian Independence,344,Croatia,345,Yugoslavia,1992,15.9819189,45.8150108,20.4489216,44.786568,367.9676587022586
Bosnian Independence,344,Croatia,345,Yugoslavia,1992,15.9819189,45.8150108,20.4489216,44.786568,367.9676587022586
Bosnian Independence,346,Bosnia,345,Yugoslavia,1992,18.4130763,43.8562586,20.4489216,44.786568,192.38000973056725
Bosnian Independence,346,Bosnia,345,Yugoslavia,1992,18.4130763,43.8562586,20.4489216,44.786568,192.38000973056725
Azeri-Armenian,371,Armenia,373,Azerbaijan,1993,44.4991029,40.1791857,49.8670924,40.40926169999999,456.42890691732157
Cenepa Valley,135,Peru,130,Ecuador,1995,-77.042754,-12.0463731,-78.4678382,-0.1806532,1330.2362858988422
Badme Border,531,Eritrea,530,Ethiopia,1998,38.9250517,15.3228767,38.7577605,8.9806034,706.2530470792664
Badme Border,531,Eritrea,530,Ethiopia,1998,38.9250517,15.3228767,38.7577605,8.9806034,706.2530470792664
War for Kosovo,640,Turkey,345,Yugoslavia,1999,32.8597419,39.9333635,20.4489216,44.786568,1153.270263711317
War for Kosovo,640,Turkey,345,Yugoslavia,1999,32.8597419,39.9333635,20.4489216,44.786568,1153.270263711317
War for Kosovo,325,Italy,345,Yugoslavia,1999,12.4963655,41.9027835,20.4489216,44.786568,718.9607943040024
War for Kosovo,325,Italy,345,Yugoslavia,1999,12.4963655,41.9027835,20.4489216,44.786568,718.9607943040024
War for Kosovo,200,United Kingdom,345,Yugoslavia,1999,-0.1277583,51.5073509,20.4489216,44.786568,1693.774963987807
War for Kosovo,200,United Kingdom,345,Yugoslavia,1999,-0.1277583,51.5073509,20.4489216,44.786568,1693.774963987807
War for Kosovo,2,United States of America,345,Yugoslavia,1999,-77.0368707,38.9071923,20.4489216,44.786568,7597.977679389239
War for Kosovo,2,United States of America,345,Yugoslavia,1999,-77.0368707,38.9071923,20.4489216,44.786568,7597.977679389239
War for Kosovo,210,Netherlands,345,Yugoslavia,1999,4.895167900000001,52.3702157,20.4489216,44.786568,1418.1112400273416
War for Kosovo,210,Netherlands,345,Yugoslavia,1999,4.895167900000001,52.3702157,20.4489216,44.786568,1418.1112400273416
War for Kosovo,210,Netherlands,345,Yugoslavia,1999,4.895167900000001,52.3702157,20.4489216,44.786568,1418.1112400273416
War for Kosovo,210,Netherlands,345,Yugoslavia,1999,4.895167900000001,52.3702157,20.4489216,44.786568,1418.1112400273416
War for Kosovo,220,France,345,Yugoslavia,1999,2.3522219,48.856614,20.4489216,44.786568,1446.9049085874308
War for Kosovo,220,France,345,Yugoslavia,1999,2.3522219,48.856614,20.4489216,44.786568,1446.9049085874308
War for Kosovo,220,France,345,Yugoslavia,1999,2.3522219,48.856614,20.4489216,44.786568,1446.9049085874308
War for Kosovo,220,France,345,Yugoslavia,1999,2.3522219,48.856614,20.4489216,44.786568,1446.9049085874308
War for Kosovo,255,Germany,345,Yugoslavia,1999,13.404954,52.52000659999999,20.4489216,44.786568,1003.6296443305777
War for Kosovo,255,Germany,345,Yugoslavia,1999,13.404954,52.52000659999999,20.4489216,44.786568,1003.6296443305777
War for Kosovo,255,Germany,345,Yugoslavia,1999,13.404954,52.52000659999999,20.4489216,44.786568,1003.6296443305777
War for Kosovo,255,Germany,345,Yugoslavia,1999,13.404954,52.52000659999999,20.4489216,44.786568,1003.6296443305777
Kargil War,750,India,770,Pakistan,1999,77.2090212,28.6139391,73.2293542,33.6600365,677.5802354631095
Invasion of Afghanistan,20,Canada,700,Afghanistan,2001,-75.69719309999999,45.4215296,69.207486,34.5553494,10458.89335660126
Invasion of Afghanistan,220,France,700,Afghanistan,2001,2.3522219,48.856614,69.207486,34.5553494,5588.110680509724
Invasion of Afghanistan,220,France,700,Afghanistan,2001,2.3522219,48.856614,69.207486,34.5553494,5588.110680509724
Invasion of Afghanistan,200,United Kingdom,700,Afghanistan,2001,-0.1277583,51.5073509,69.207486,34.5553494,5713.97184156431
Invasion of Afghanistan,2,United States of America,700,Afghanistan,2001,-77.0368707,38.9071923,69.207486,34.5553494,11151.067766568474
Invasion of Afghanistan,900,Australia,700,Afghanistan,2001,149.1300092,-35.2809368,69.207486,34.5553494,11367.9936667744
Invasion of Iraq,900,Australia,645,Iraq,2003,149.1300092,-35.2809368,44.3614875,33.3128057,13293.108870360938
Invasion of Iraq,200,United Kingdom,645,Iraq,2003,-0.1277583,51.5073509,44.3614875,33.3128057,4094.5513893919797
Invasion of Iraq,2,United States of America,645,Iraq,2003,-77.0368707,38.9071923,44.3614875,33.3128057,9979.589875828704
